hour_index,datetime,power_generated,price,gurobi_release,gurobi_direct,gurobi_charge,gurobi_discharge,gurobi_discharge_before_rte,gurobi_storage_start,gurobi_storage_end,gurobi_mode_binary_charge,gurobi_action,gurobi_curtailment,horizon_start_hour,horizon_end_hour,executed_hours,milp_release,milp_direct,milp_charge,milp_discharge,milp_discharge_before_rte,milp_storage,milp_mode_binary_charge,milp_action,milp_curtailment,optimal_release,optimal_direct,optimal_charge,optimal_discharge,optimal_discharge_before_rte,optimal_storage,optimal_curtailment,baseload_release
0,2020-01-06 00:00:00,1.382,1.3426828084540536,101.382,1.382,0.0,100.0,181.8181818181818,600.0,418.1818181818182,-0.0,1.0,0.0,0,167,168,101.382,1.382,0.0,100.0,181.8181818181818,600.0,-0.0,1.0,0.0,101.382,1.382,0.0,100.0,181.8181818181818,600.0,0.0,1.382
1,2020-01-06 01:00:00,1.032,0.8869938636148954,1.032,1.032,0.0,0.0,0.0,418.1818181818182,418.1818181818182,-0.0,0.0,0.0,0,167,168,1.032,1.032,0.0,0.0,0.0,418.1818181818182,-0.0,0.0,0.0,1.032,1.032,0.0,0.0,0.0,418.1818181818182,0.0,1.032
2,2020-01-06 02:00:00,2.65,0.9140687699387208,2.65,2.65,0.0,0.0,0.0,418.1818181818182,418.1818181818182,-0.0,0.0,0.0,0,167,168,2.65,2.65,0.0,0.0,0.0,418.1818181818182,-0.0,0.0,0.0,2.65,2.65,0.0,0.0,0.0,418.1818181818182,0.0,2.65
3,2020-01-06 03:00:00,3.639,1.1974749366240642,3.639,3.639,0.0,0.0,0.0,418.1818181818182,418.1818181818182,-0.0,0.0,0.0,0,167,168,3.639,3.639,0.0,0.0,0.0,418.1818181818182,-0.0,0.0,0.0,3.639,3.639,0.0,0.0,0.0,418.1818181818182,0.0,3.639
4,2020-01-06 04:00:00,4.48,1.3279992396256721,24.480000000000008,4.48,0.0,20.0,36.36363636363636,418.1818181818182,381.8181818181818,-0.0,0.2,0.0,0,167,168,24.480000000000008,4.48,0.0,20.0,36.36363636363636,418.1818181818182,-0.0,0.2,0.0,24.480000000000008,4.48,0.0,20.0,36.36363636363636,418.1818181818182,0.0,4.48
5,2020-01-06 05:00:00,3.651,1.2058133433569231,3.651,3.651,0.0,0.0,0.0,381.8181818181818,381.8181818181818,-0.0,0.0,0.0,0,167,168,3.651,3.651,0.0,0.0,0.0,381.8181818181818,-0.0,0.0,0.0,3.651,3.651,0.0,0.0,0.0,381.8181818181818,0.0,3.651
6,2020-01-06 06:00:00,0.885,1.0435632298777042,0.885,0.885,0.0,0.0,0.0,381.8181818181818,381.8181818181818,-0.0,0.0,0.0,0,167,168,0.885,0.885,0.0,0.0,0.0,381.8181818181818,-0.0,0.0,0.0,0.885,0.885,0.0,0.0,0.0,381.8181818181818,0.0,0.885
7,2020-01-06 07:00:00,0.382,1.094922500033084,0.382,0.382,0.0,0.0,0.0,381.8181818181818,381.8181818181818,-0.0,0.0,0.0,0,167,168,0.382,0.382,0.0,0.0,0.0,381.8181818181818,-0.0,0.0,0.0,0.382,0.382,0.0,0.0,0.0,381.8181818181818,0.0,0.382
8,2020-01-06 08:00:00,0.004,1.3196276121488573,0.004,0.004,0.0,0.0,0.0,381.8181818181818,381.8181818181818,-0.0,0.0,0.0,0,167,168,0.004,0.004,0.0,0.0,0.0,381.8181818181818,-0.0,0.0,0.0,0.004,0.004,0.0,0.0,0.0,381.8181818181818,0.0,0.004
9,2020-01-06 09:00:00,3.369,1.3019541763644709,3.369,3.369,0.0,0.0,0.0,381.8181818181818,381.8181818181818,-0.0,0.0,0.0,0,167,168,3.369,3.369,0.0,0.0,0.0,381.8181818181818,-0.0,0.0,0.0,3.369,3.369,0.0,0.0,0.0,381.8181818181818,0.0,3.369
10,2020-01-06 10:00:00,6.658,1.2689659776165458,6.658,6.658,0.0,0.0,0.0,381.8181818181818,381.8181818181818,-0.0,0.0,0.0,0,167,168,6.658,6.658,0.0,0.0,0.0,381.8181818181818,-0.0,0.0,0.0,6.658,6.658,0.0,0.0,0.0,381.8181818181818,0.0,6.658
11,2020-01-06 11:00:00,5.937,1.4035764321246942,105.937,5.937,0.0,100.0,181.8181818181818,381.8181818181818,200.0,-0.0,1.0,0.0,0,167,168,105.937,5.937,0.0,100.0,181.8181818181818,381.8181818181818,-0.0,1.0,0.0,105.937,5.937,0.0,100.0,181.8181818181818,381.8181818181818,0.0,5.937
12,2020-01-06 12:00:00,38.527,0.8035765755423484,38.527,38.527,0.0,0.0,0.0,200.0,200.0,-0.0,0.0,0.0,0,167,168,38.527,38.527,0.0,0.0,0.0,200.0,-0.0,0.0,0.0,38.527,38.527,0.0,0.0,0.0,200.0,0.0,38.527
13,2020-01-06 13:00:00,91.222,0.7548085234155069,91.222,91.222,0.0,0.0,0.0,200.0,200.0,-0.0,0.0,0.0,0,167,168,91.222,91.222,0.0,0.0,0.0,200.0,-0.0,0.0,0.0,91.222,91.222,0.0,0.0,0.0,200.0,0.0,91.222
14,2020-01-06 14:00:00,176.697,1.134255860876531,176.697,176.697,0.0,0.0,0.0,200.0,200.0,0.0,0.0,0.0,0,167,168,176.697,176.697,0.0,0.0,0.0,200.0,0.0,0.0,0.0,176.697,176.697,0.0,0.0,0.0,200.0,0.0,113.3512619047619
15,2020-01-06 15:00:00,215.147,0.7669340949593062,215.147,215.147,0.0,0.0,0.0,200.0,200.0,0.0,0.0,0.0,0,167,168,215.147,215.147,0.0,0.0,0.0,200.0,0.0,0.0,0.0,215.147,215.147,0.0,0.0,0.0,200.0,0.0,115.14699999999999
16,2020-01-06 16:00:00,214.18,1.1099382763010215,214.18,214.18,0.0,0.0,0.0,200.0,200.0,-0.0,0.0,0.0,0,167,168,214.18,214.18,0.0,0.0,0.0,200.0,-0.0,0.0,0.0,214.18,214.18,0.0,0.0,0.0,200.0,0.0,114.18
17,2020-01-06 17:00:00,196.085,0.8718758696732483,196.085,196.085,0.0,0.0,0.0,200.0,200.0,-0.0,0.0,0.0,0,167,168,196.085,196.085,0.0,0.0,0.0,200.0,-0.0,0.0,0.0,196.085,196.085,0.0,0.0,0.0,200.0,0.0,113.3512619047619
18,2020-01-06 18:00:00,159.326,1.0126679379989836,159.326,159.326,0.0,0.0,0.0,200.0,200.0,1.0,0.0,0.0,0,167,168,159.326,159.326,0.0,0.0,0.0,200.0,1.0,0.0,0.0,159.326,159.326,0.0,0.0,0.0,200.0,0.0,113.3512619047619
19,2020-01-06 19:00:00,112.877,0.8458665825978451,112.877,112.877,0.0,0.0,0.0,200.0,200.0,-0.0,0.0,0.0,0,167,168,112.877,112.877,0.0,0.0,0.0,200.0,-0.0,0.0,0.0,112.877,112.877,0.0,0.0,0.0,200.0,0.0,113.3512619047619
20,2020-01-06 20:00:00,67.901,1.2558105630101224,67.901,67.901,0.0,0.0,0.0,200.0,200.0,-0.0,0.0,0.0,0,167,168,67.901,67.901,0.0,0.0,0.0,200.0,-0.0,0.0,0.0,67.901,67.901,0.0,0.0,0.0,200.0,0.0,113.3512619047619
21,2020-01-06 21:00:00,32.183,0.7916171077183275,32.183,32.183,0.0,0.0,0.0,200.0,200.0,-0.0,0.0,0.0,0,167,168,32.183,32.183,0.0,0.0,0.0,200.0,-0.0,0.0,0.0,32.183,32.183,0.0,0.0,0.0,200.0,0.0,113.35126190476188
22,2020-01-06 22:00:00,7.659,1.001073898358474,7.659,7.659,0.0,0.0,0.0,200.0,200.0,-0.0,0.0,0.0,0,167,168,7.659,7.659,0.0,0.0,0.0,200.0,-0.0,0.0,0.0,7.659,7.659,0.0,0.0,0.0,200.0,0.0,96.19603214285719
23,2020-01-06 23:00:00,0.088,0.8069983121697768,0.088,0.088,0.0,0.0,0.0,200.0,200.0,-0.0,0.0,0.0,0,167,168,0.088,0.088,0.0,0.0,0.0,200.0,-0.0,0.0,0.0,0.088,0.088,0.0,0.0,0.0,200.0,0.0,0.088
24,2020-01-07 00:00:00,0.0,0.8352027237880931,0.0,0.0,0.0,0.0,0.0,200.0,200.0,0.0,0.0,0.0,0,167,168,0.0,0.0,0.0,0.0,0.0,200.0,0.0,0.0,0.0,0.0,0.0,0.0,0.0,0.0,200.0,0.0,0.0
25,2020-01-07 01:00:00,0.0,0.8324121812958214,0.0,0.0,0.0,0.0,0.0,200.0,200.0,0.0,0.0,0.0,0,167,168,0.0,0.0,0.0,0.0,0.0,200.0,0.0,0.0,0.0,0.0,0.0,0.0,0.0,0.0,200.0,0.0,0.0
26,2020-01-07 02:00:00,0.127,0.7704554938186013,0.127,0.127,0.0,0.0,0.0,200.0,200.0,-0.0,0.0,0.0,0,167,168,0.127,0.127,0.0,0.0,0.0,200.0,-0.0,0.0,0.0,0.127,0.127,0.0,0.0,0.0,200.0,0.0,0.127
27,2020-01-07 03:00:00,0.194,0.778129485672348,0.194,0.194,0.0,0.0,0.0,200.0,200.0,-0.0,0.0,0.0,0,167,168,0.194,0.194,0.0,0.0,0.0,200.0,-0.0,0.0,0.0,0.194,0.194,0.0,0.0,0.0,200.0,0.0,0.194
28,2020-01-07 04:00:00,14.504,0.9397484050164103,14.504,14.504,0.0,0.0,0.0,200.0,200.0,-0.0,0.0,0.0,0,167,168,14.504,14.504,0.0,0.0,0.0,200.0,-0.0,0.0,0.0,14.504,14.504,0.0,0.0,0.0,200.0,0.0,14.504
29,2020-01-07 05:00:00,8.902,0.9604117077568025,8.902,8.902,0.0,0.0,0.0,200.0,200.0,-0.0,0.0,0.0,0,167,168,8.902,8.902,0.0,0.0,0.0,200.0,-0.0,0.0,0.0,8.902,8.902,0.0,0.0,0.0,200.0,0.0,8.902
30,2020-01-07 06:00:00,10.872,0.8003541633786538,10.872,10.872,0.0,0.0,0.0,200.0,200.0,-0.0,0.0,0.0,0,167,168,10.872,10.872,0.0,0.0,0.0,200.0,-0.0,0.0,0.0,10.872,10.872,0.0,0.0,0.0,200.0,0.0,10.872
31,2020-01-07 07:00:00,19.903,0.7945405331864215,19.903,19.903,0.0,0.0,0.0,200.0,200.0,-0.0,0.0,0.0,0,167,168,19.903,19.903,0.0,0.0,0.0,200.0,-0.0,0.0,0.0,19.903,19.903,0.0,0.0,0.0,200.0,0.0,19.903
32,2020-01-07 08:00:00,28.315,0.528076945918441,0.0,0.0,28.315,0.0,0.0,200.0,228.315,1.0,-0.28315,0.0,0,167,168,0.0,0.0,28.315,0.0,0.0,200.0,1.0,-0.28315,0.0,0.0,0.0,28.315,0.0,0.0,200.0,0.0,28.315
33,2020-01-07 09:00:00,41.553,0.32719110721884287,0.0,0.0,41.553,0.0,0.0,228.315,269.868,1.0,-0.41552999999999995,0.0,0,167,168,0.0,0.0,41.553,0.0,0.0,228.315,1.0,-0.41552999999999995,0.0,0.0,0.0,41.553,0.0,0.0,228.315,0.0,41.553
34,2020-01-07 10:00:00,52.354,0.9312106738198177,52.354,52.354,0.0,0.0,0.0,269.868,269.868,-0.0,0.0,0.0,0,167,168,52.354,52.354,0.0,0.0,0.0,269.868,-0.0,0.0,0.0,52.354,52.354,0.0,0.0,0.0,269.868,0.0,52.354
35,2020-01-07 11:00:00,57.711,0.45924356444240877,0.0,0.0,57.711,0.0,0.0,269.868,327.579,1.0,-0.57711,0.0,0,167,168,0.0,0.0,57.711,0.0,0.0,269.868,1.0,-0.57711,0.0,0.0,0.0,57.711,0.0,0.0,269.868,0.0,57.711
36,2020-01-07 12:00:00,75.981,0.8494212022010958,75.981,75.981,0.0,0.0,0.0,327.579,327.579,-0.0,0.0,0.0,0,167,168,75.981,75.981,0.0,0.0,0.0,327.579,-0.0,0.0,0.0,75.981,75.981,0.0,0.0,0.0,327.579,0.0,75.981
37,2020-01-07 13:00:00,93.196,0.804739301580795,93.196,93.196,0.0,0.0,0.0,327.579,327.579,-0.0,0.0,0.0,0,167,168,93.196,93.196,0.0,0.0,0.0,327.579,-0.0,0.0,0.0,93.196,93.196,0.0,0.0,0.0,327.579,0.0,93.196
38,2020-01-07 14:00:00,89.261,0.8418800933231715,89.261,89.261,0.0,0.0,0.0,327.579,327.579,-0.0,0.0,0.0,0,167,168,89.261,89.261,0.0,0.0,0.0,327.579,-0.0,0.0,0.0,89.261,89.261,0.0,0.0,0.0,327.579,0.0,89.261
39,2020-01-07 15:00:00,98.007,0.7980951527896721,98.007,98.007,0.0,0.0,0.0,327.579,327.579,-0.0,0.0,0.0,0,167,168,98.007,98.007,0.0,0.0,0.0,327.579,-0.0,0.0,0.0,98.007,98.007,0.0,0.0,0.0,327.579,0.0,98.007
40,2020-01-07 16:00:00,83.628,0.8129448253378316,83.628,83.628,0.0,0.0,0.0,327.579,327.579,-0.0,0.0,0.0,0,167,168,83.628,83.628,0.0,0.0,0.0,327.579,-0.0,0.0,0.0,83.628,83.628,0.0,0.0,0.0,327.579,0.0,83.628
41,2020-01-07 17:00:00,65.013,0.7867336583568522,65.013,65.013,0.0,0.0,0.0,327.579,327.579,-0.0,0.0,0.0,0,167,168,65.013,65.013,0.0,0.0,0.0,327.579,-0.0,0.0,0.0,65.013,65.013,0.0,0.0,0.0,327.579,0.0,65.013
42,2020-01-07 18:00:00,85.381,0.7984273602292284,85.381,85.381,0.0,0.0,0.0,327.579,327.579,-0.0,0.0,0.0,0,167,168,85.381,85.381,0.0,0.0,0.0,327.579,-0.0,0.0,0.0,85.381,85.381,0.0,0.0,0.0,327.579,0.0,85.381
43,2020-01-07 19:00:00,144.855,0.8306182611222185,144.855,144.855,0.0,0.0,0.0,327.579,327.579,-0.0,0.0,0.0,0,167,168,144.855,144.855,0.0,0.0,0.0,327.579,-0.0,0.0,0.0,144.855,144.855,0.0,0.0,0.0,327.579,0.0,113.3512619047619
44,2020-01-07 20:00:00,187.24,0.39087527338175504,87.24000000000001,87.24000000000001,100.0,0.0,0.0,327.579,427.579,1.0,-1.0,0.0,0,167,168,87.24000000000001,87.24000000000001,100.0,0.0,0.0,327.579,1.0,-1.0,0.0,87.24000000000001,87.24000000000001,100.0,0.0,0.0,327.579,0.0,113.3512619047619
45,2020-01-07 21:00:00,188.851,0.24885659297150492,88.851,88.851,100.0,0.0,0.0,427.579,527.579,1.0,-1.0,0.0,0,167,168,88.851,88.851,100.0,0.0,0.0,427.579,1.0,-1.0,0.0,88.851,88.851,100.0,0.0,0.0,427.579,0.0,113.3512619047619
46,2020-01-07 22:00:00,159.144,0.7993907618039411,159.144,159.144,0.0,0.0,0.0,527.579,527.579,0.0,0.0,0.0,0,167,168,159.144,159.144,0.0,0.0,0.0,527.579,0.0,0.0,0.0,159.144,159.144,0.0,0.0,0.0,527.579,0.0,113.3512619047619
47,2020-01-07 23:00:00,178.136,0.1588615975957464,78.13599999999997,78.13599999999997,100.0,0.0,0.0,527.579,627.579,1.0,-1.0,2.842170943040401e-14,0,167,168,78.13599999999997,78.13599999999997,100.0,0.0,0.0,527.579,1.0,-1.0,2.842170943040401e-14,78.13599999999997,78.13599999999997,100.0,0.0,0.0,527.579,2.842170943040401e-14,113.3512619047619
48,2020-01-08 00:00:00,207.374,1.0162889990901454,207.374,207.374,0.0,0.0,0.0,627.579,627.579,1.0,0.0,0.0,0,167,168,207.374,207.374,0.0,0.0,0.0,627.579,1.0,0.0,0.0,207.374,207.374,0.0,0.0,0.0,627.579,0.0,113.3512619047619
49,2020-01-08 01:00:00,207.96,0.6488011294531427,107.96000000000001,107.96000000000001,100.0,0.0,0.0,627.579,727.579,1.0,-1.0,0.0,0,167,168,107.96000000000001,107.96000000000001,100.0,0.0,0.0,627.579,1.0,-1.0,0.0,107.96000000000001,107.96000000000001,100.0,0.0,0.0,627.579,0.0,113.3512619047619
50,2020-01-08 02:00:00,202.562,0.6459773662169155,102.56200000000001,102.56200000000001,100.0,0.0,0.0,727.579,827.579,1.0,-1.0,0.0,0,167,168,102.56200000000001,102.56200000000001,100.0,0.0,0.0,727.579,1.0,-1.0,0.0,102.56200000000001,102.56200000000001,100.0,0.0,0.0,727.579,0.0,113.3512619047619
51,2020-01-08 03:00:00,199.207,0.8293558728519049,199.207,199.207,0.0,0.0,0.0,827.579,827.579,1.0,0.0,0.0,0,167,168,199.207,199.207,0.0,0.0,0.0,827.579,1.0,0.0,0.0,199.207,199.207,0.0,0.0,0.0,827.579,0.0,113.3512619047619
52,2020-01-08 04:00:00,200.992,0.7159734737313943,128.57099999999994,128.57099999999994,72.42100000000005,0.0,0.0,827.579,900.0,1.0,-0.7242100000000005,0.0,0,167,168,128.57099999999994,128.57099999999994,72.42100000000005,0.0,0.0,827.579,1.0,-0.7242100000000005,0.0,128.57099999999994,128.57099999999994,72.42100000000005,0.0,0.0,827.579,0.0,113.3512619047619
53,2020-01-08 05:00:00,207.36,0.7965669985677138,207.36,207.36,0.0,0.0,0.0,900.0,900.0,-0.0,0.0,0.0,0,167,168,207.36,207.36,0.0,0.0,0.0,900.0,-0.0,0.0,0.0,207.36,207.36,0.0,0.0,0.0,900.0,0.0,113.3512619047619
54,2020-01-08 06:00:00,208.116,0.20586895029294028,108.11600000000001,108.11600000000001,100.0,0.0,0.0,900.0,1000.0,1.0,-1.0,0.0,0,167,168,108.11600000000001,108.11600000000001,100.0,0.0,0.0,900.0,1.0,-1.0,0.0,108.11600000000001,108.11600000000001,100.0,0.0,0.0,900.0,0.0,113.3512619047619
55,2020-01-08 07:00:00,213.832,1.5087200867442128,249.0,213.832,0.0,35.168000000000006,63.941818181818185,1000.0,936.0581818181818,-0.0,0.35168000000000005,0.0,0,167,168,249.0,213.832,0.0,35.168000000000006,63.941818181818185,1000.0,-0.0,0.35168000000000005,0.0,249.0,213.832,0.0,35.168000000000006,63.941818181818185,1000.0,0.0,145.41385714285718
56,2020-01-08 08:00:00,215.027,0.7516525527397238,215.027,215.027,0.0,0.0,0.0,936.0581818181818,936.0581818181818,1.0,0.0,0.0,0,167,168,215.027,215.027,0.0,0.0,0.0,936.0581818181818,1.0,0.0,0.0,215.027,215.027,0.0,0.0,0.0,936.0581818181818,0.0,215.027
57,2020-01-08 09:00:00,213.139,0.7658045896648153,213.139,213.139,0.0,0.0,0.0,936.0581818181818,936.0581818181818,0.0,0.0,0.0,0,167,168,213.139,213.139,0.0,0.0,0.0,936.0581818181818,0.0,0.0,0.0,213.139,213.139,0.0,0.0,0.0,936.0581818181818,0.0,213.139
58,2020-01-08 10:00:00,213.346,1.0948560585451725,213.346,213.346,0.0,0.0,0.0,936.0581818181818,936.0581818181818,1.0,0.0,0.0,0,167,168,213.346,213.346,0.0,0.0,0.0,936.0581818181818,1.0,0.0,0.0,213.346,213.346,0.0,0.0,0.0,936.0581818181818,0.0,213.346
59,2020-01-08 11:00:00,214.924,0.8689217789030412,214.924,214.924,0.0,0.0,0.0,936.0581818181818,936.0581818181818,0.0,0.0,0.0,0,167,168,214.924,214.924,0.0,0.0,0.0,936.0581818181818,0.0,0.0,0.0,214.924,214.924,0.0,0.0,0.0,936.0581818181818,0.0,214.924
60,2020-01-08 12:00:00,215.317,1.4987973060688546,249.0,215.317,0.0,33.68299999999999,61.24181818181816,936.0581818181818,874.8163636363636,-0.0,0.3368299999999999,0.0,0,167,168,249.0,215.317,0.0,33.68299999999999,61.24181818181816,936.0581818181818,-0.0,0.3368299999999999,0.0,249.0,215.317,0.0,33.68299999999999,61.24181818181816,936.0581818181818,0.0,215.317
61,2020-01-08 13:00:00,215.381,1.5912404147299577,249.0,215.381,0.0,33.619,61.12545454545454,874.8163636363636,813.690909090909,0.0,0.33619,0.0,0,167,168,249.0,215.381,0.0,33.619,61.12545454545454,874.8163636363636,0.0,0.33619,0.0,249.0,215.381,0.0,33.619,61.12545454545454,874.8163636363636,0.0,215.381
62,2020-01-08 14:00:00,215.329,0.7133158142149452,115.32900000000001,115.32900000000001,100.0,0.0,0.0,813.690909090909,913.690909090909,1.0,-1.0,0.0,0,167,168,115.32900000000001,115.32900000000001,100.0,0.0,0.0,813.690909090909,1.0,-1.0,0.0,115.32900000000001,115.32900000000001,100.0,0.0,0.0,813.690909090909,0.0,215.329
63,2020-01-08 15:00:00,215.313,2.0717784760479154,249.0,215.313,0.0,33.68700000000001,61.249090909090924,913.690909090909,852.4418181818181,0.0,0.3368700000000001,0.0,0,167,168,249.0,215.313,0.0,33.68700000000001,61.249090909090924,913.690909090909,0.0,0.3368700000000001,0.0,249.0,215.313,0.0,33.68700000000001,61.249090909090924,913.690909090909,0.0,215.313
64,2020-01-08 16:00:00,215.311,0.32293885199252426,115.31099999999992,115.31099999999992,100.0,0.0,0.0,852.4418181818181,952.4418181818182,1.0,-1.0,8.526512829121202e-14,0,167,168,115.31099999999992,115.31099999999992,100.0,0.0,0.0,852.4418181818181,1.0,-1.0,8.526512829121202e-14,115.31099999999992,115.31099999999992,100.0,0.0,0.0,852.4418181818181,8.526512829121202e-14,215.311
65,2020-01-08 17:00:00,207.946,3.043319133029848,249.0,207.946,0.0,41.054,74.64363636363636,952.4418181818182,877.7981818181819,0.0,0.41054,0.0,0,167,168,249.0,207.946,0.0,41.054,74.64363636363636,952.4418181818182,0.0,0.41054,0.0,249.0,207.946,0.0,41.054,74.64363636363636,952.4418181818182,0.0,207.946
66,2020-01-08 18:00:00,214.845,0.7174351864654414,114.84499999999991,114.84499999999991,100.0,0.0,0.0,877.7981818181819,977.798181818182,1.0,-1.0,8.526512829121202e-14,0,167,168,114.84499999999991,114.84499999999991,100.0,0.0,0.0,877.7981818181819,1.0,-1.0,8.526512829121202e-14,114.84499999999991,114.84499999999991,100.0,0.0,0.0,877.7981818181819,8.526512829121202e-14,214.845
67,2020-01-08 19:00:00,215.302,1.3076017028369251,215.302,215.302,0.0,0.0,0.0,977.798181818182,977.798181818182,-0.0,0.0,0.0,0,167,168,215.302,215.302,0.0,0.0,0.0,977.798181818182,-0.0,0.0,0.0,215.302,215.302,0.0,0.0,0.0,977.798181818182,0.0,215.302
68,2020-01-08 20:00:00,215.302,1.0729303675344675,215.302,215.302,0.0,0.0,0.0,977.798181818182,977.798181818182,1.0,0.0,0.0,0,167,168,215.302,215.302,0.0,0.0,0.0,977.798181818182,1.0,0.0,0.0,215.302,215.302,0.0,0.0,0.0,977.798181818182,0.0,215.302
69,2020-01-08 21:00:00,215.302,0.7532931464027626,215.302,215.302,0.0,0.0,0.0,977.798181818182,977.798181818182,0.0,0.0,0.0,0,167,168,215.302,215.302,0.0,0.0,0.0,977.798181818182,0.0,0.0,0.0,215.302,215.302,0.0,0.0,0.0,977.798181818182,0.0,215.302
70,2020-01-08 22:00:00,215.406,1.1941988601816724,215.406,215.406,0.0,0.0,0.0,977.798181818182,977.798181818182,0.0,0.0,0.0,0,167,168,215.406,215.406,0.0,0.0,0.0,977.798181818182,0.0,0.0,0.0,215.406,215.406,0.0,0.0,0.0,977.798181818182,0.0,215.406
71,2020-01-08 23:00:00,215.37,0.7614858929505854,215.37,215.37,0.0,0.0,0.0,977.798181818182,977.798181818182,-0.0,0.0,0.0,0,167,168,215.37,215.37,0.0,0.0,0.0,977.798181818182,-0.0,0.0,0.0,215.37,215.37,0.0,0.0,0.0,977.798181818182,0.0,215.37
72,2020-01-09 00:00:00,215.333,1.2998944902392224,215.333,215.333,0.0,0.0,0.0,977.798181818182,977.798181818182,0.0,0.0,0.0,0,167,168,215.333,215.333,0.0,0.0,0.0,977.798181818182,0.0,0.0,0.0,215.333,215.333,0.0,0.0,0.0,977.798181818182,0.0,215.333
73,2020-01-09 01:00:00,215.317,0.7348428562981831,215.317,215.317,0.0,0.0,0.0,977.798181818182,977.798181818182,0.0,0.0,0.0,0,167,168,215.317,215.317,0.0,0.0,0.0,977.798181818182,0.0,0.0,0.0,215.317,215.317,0.0,0.0,0.0,977.798181818182,0.0,215.317
74,2020-01-09 02:00:00,215.308,0.7300590691685747,215.308,215.308,0.0,0.0,0.0,977.798181818182,977.798181818182,0.0,0.0,0.0,0,167,168,215.308,215.308,0.0,0.0,0.0,977.798181818182,0.0,0.0,0.0,215.308,215.308,0.0,0.0,0.0,977.798181818182,0.0,215.308
75,2020-01-09 03:00:00,214.915,0.8665963268261484,214.915,214.915,0.0,0.0,0.0,977.798181818182,977.798181818182,-0.0,0.0,0.0,0,167,168,214.915,214.915,0.0,0.0,0.0,977.798181818182,-0.0,0.0,0.0,214.915,214.915,0.0,0.0,0.0,977.798181818182,0.0,214.915
76,2020-01-09 04:00:00,212.372,1.1135593373921835,212.372,212.372,0.0,0.0,0.0,977.798181818182,977.798181818182,0.0,0.0,0.0,0,167,168,212.372,212.372,0.0,0.0,0.0,977.798181818182,0.0,0.0,0.0,212.372,212.372,0.0,0.0,0.0,977.798181818182,0.0,212.372
77,2020-01-09 05:00:00,188.033,1.0551240487742581,188.033,188.033,0.0,0.0,0.0,977.798181818182,977.798181818182,1.0,0.0,0.0,0,167,168,188.033,188.033,0.0,0.0,0.0,977.798181818182,1.0,0.0,0.0,188.033,188.033,0.0,0.0,0.0,977.798181818182,0.0,188.033
78,2020-01-09 06:00:00,175.954,0.7626818397329875,175.954,175.954,0.0,0.0,0.0,977.798181818182,977.798181818182,0.0,0.0,0.0,0,167,168,175.954,175.954,0.0,0.0,0.0,977.798181818182,0.0,0.0,0.0,175.954,175.954,0.0,0.0,0.0,977.798181818182,0.0,175.954
79,2020-01-09 07:00:00,153.181,1.34520758499468,249.0,153.181,0.0,95.81899999999999,174.2163636363636,977.798181818182,803.5818181818183,-0.0,0.9581899999999999,0.0,0,167,168,249.0,153.181,0.0,95.81899999999999,174.2163636363636,977.798181818182,-0.0,0.9581899999999999,0.0,249.0,153.181,0.0,95.81899999999999,174.2163636363636,977.798181818182,0.0,153.181
80,2020-01-09 08:00:00,116.015,0.7357398163849846,116.015,116.015,0.0,0.0,0.0,803.5818181818183,803.5818181818183,-0.0,0.0,0.0,0,167,168,116.015,116.015,0.0,0.0,0.0,803.5818181818183,-0.0,0.0,0.0,116.015,116.015,0.0,0.0,0.0,803.5818181818183,0.0,116.015
81,2020-01-09 09:00:00,107.52,0.7709538049779355,107.52,107.52,0.0,0.0,0.0,803.5818181818183,803.5818181818183,-0.0,0.0,0.0,0,167,168,107.52,107.52,0.0,0.0,0.0,803.5818181818183,-0.0,0.0,0.0,107.52,107.52,0.0,0.0,0.0,803.5818181818183,0.0,113.3512619047619
82,2020-01-09 10:00:00,103.217,1.152327945588385,103.217,103.217,0.0,0.0,0.0,803.5818181818183,803.5818181818183,-0.0,0.0,0.0,0,167,168,103.217,103.217,0.0,0.0,0.0,803.5818181818183,-0.0,0.0,0.0,103.217,103.217,0.0,0.0,0.0,803.5818181818183,0.0,113.3512619047619
83,2020-01-09 11:00:00,93.205,0.952970261110745,93.205,93.205,0.0,0.0,0.0,803.5818181818183,803.5818181818183,-0.0,0.0,0.0,0,167,168,93.205,93.205,0.0,0.0,0.0,803.5818181818183,-0.0,0.0,0.0,93.205,93.205,0.0,0.0,0.0,803.5818181818183,0.0,113.3512619047619
84,2020-01-09 12:00:00,81.259,1.2716900786209062,81.259,81.259,0.0,0.0,0.0,803.5818181818183,803.5818181818183,-0.0,0.0,0.0,0,167,168,81.259,81.259,0.0,0.0,0.0,803.5818181818183,-0.0,0.0,0.0,81.259,81.259,0.0,0.0,0.0,803.5818181818183,0.0,113.3512619047619
85,2020-01-09 13:00:00,85.406,1.3199598195884137,86.94295000000012,85.406,0.0,1.5369500000001153,2.7944545454547547,803.5818181818183,800.7873636363636,-0.0,0.015369500000001153,0.0,0,167,168,86.94295000000012,85.406,0.0,1.5369500000001153,2.7944545454547547,803.5818181818183,-0.0,0.015369500000001153,0.0,86.94295000000012,85.406,0.0,1.5369500000001153,2.7944545454547547,803.5818181818183,0.0,113.3512619047619
86,2020-01-09 14:00:00,66.898,0.8771273026600781,66.898,66.898,0.0,0.0,0.0,800.7873636363636,800.7873636363636,-0.0,0.0,0.0,0,167,168,66.898,66.898,0.0,0.0,0.0,800.7873636363636,-0.0,0.0,0.0,66.898,66.898,0.0,0.0,0.0,800.7873636363636,0.0,113.3512619047619
87,2020-01-09 15:00:00,72.823,1.3232818939839752,172.82299999999998,72.823,0.0,100.0,181.8181818181818,800.7873636363636,618.9691818181818,-0.0,1.0,0.0,0,167,168,172.82299999999998,72.823,0.0,100.0,181.8181818181818,800.7873636363636,-0.0,1.0,0.0,172.82299999999998,72.823,0.0,100.0,181.8181818181818,800.7873636363636,0.0,113.3512619047619
88,2020-01-09 16:00:00,72.894,0.7465697789145149,72.894,72.894,0.0,0.0,0.0,618.9691818181818,618.9691818181818,-0.0,0.0,0.0,0,167,168,72.894,72.894,0.0,0.0,0.0,618.9691818181818,-0.0,0.0,0.0,72.894,72.894,0.0,0.0,0.0,618.9691818181818,0.0,113.3512619047619
89,2020-01-09 17:00:00,58.952,1.3515859678341582,158.952,58.952,0.0,100.0,181.8181818181818,618.9691818181818,437.151,-0.0,1.0,0.0,0,167,168,158.952,58.952,0.0,100.0,181.8181818181818,618.9691818181818,-0.0,1.0,0.0,158.952,58.952,0.0,100.0,181.8181818181818,618.9691818181818,0.0,113.3512619047619
90,2020-01-09 18:00:00,54.618,0.7238467900488748,0.0,0.0,54.618,0.0,0.0,437.151,491.769,1.0,-0.54618,0.0,0,167,168,0.0,0.0,54.618,0.0,0.0,437.151,1.0,-0.54618,0.0,0.0,0.0,54.618,0.0,0.0,437.151,0.0,113.3512619047619
91,2020-01-09 19:00:00,124.169,1.2160785532392087,124.169,124.169,0.0,0.0,0.0,491.769,491.769,-0.0,0.0,0.0,0,167,168,124.169,124.169,0.0,0.0,0.0,491.769,-0.0,0.0,0.0,124.169,124.169,0.0,0.0,0.0,491.769,0.0,113.3512619047619
92,2020-01-09 20:00:00,184.268,1.1008690132011387,184.268,184.268,0.0,0.0,0.0,491.769,491.769,-0.0,0.0,0.0,0,167,168,184.268,184.268,0.0,0.0,0.0,491.769,-0.0,0.0,0.0,184.268,184.268,0.0,0.0,0.0,491.769,0.0,113.3512619047619
93,2020-01-09 21:00:00,187.242,0.6513923474816806,87.24199999999996,87.24199999999996,100.0,0.0,0.0,491.769,591.769,1.0,-1.0,2.842170943040401e-14,0,167,168,87.24199999999996,87.24199999999996,100.0,0.0,0.0,491.769,1.0,-1.0,2.842170943040401e-14,87.24199999999996,87.24199999999996,100.0,0.0,0.0,491.769,2.842170943040401e-14,113.3512619047619
94,2020-01-09 22:00:00,182.942,1.011339108240759,182.942,182.942,0.0,0.0,0.0,591.769,591.769,0.0,0.0,0.0,0,167,168,182.942,182.942,0.0,0.0,0.0,591.769,0.0,0.0,0.0,182.942,182.942,0.0,0.0,0.0,591.769,0.0,113.3512619047619
95,2020-01-09 23:00:00,159.197,0.6718895465022943,59.197,59.197,100.0,0.0,0.0,591.769,691.769,1.0,-1.0,0.0,0,167,168,59.197,59.197,100.0,0.0,0.0,591.769,1.0,-1.0,0.0,59.197,59.197,100.0,0.0,0.0,591.769,0.0,113.3512619047619
96,2020-01-10 00:00:00,124.937,1.152925918979586,124.937,124.937,0.0,0.0,0.0,691.769,691.769,-0.0,0.0,0.0,0,167,168,124.937,124.937,0.0,0.0,0.0,691.769,-0.0,0.0,0.0,124.937,124.937,0.0,0.0,0.0,691.769,0.0,113.3512619047619
97,2020-01-10 01:00:00,138.28,0.701788216062347,38.28,38.28,100.0,0.0,0.0,691.769,791.769,1.0,-1.0,0.0,0,167,168,38.28,38.28,100.0,0.0,0.0,691.769,1.0,-1.0,0.0,38.28,38.28,100.0,0.0,0.0,691.769,0.0,113.3512619047619
98,2020-01-10 02:00:00,172.149,0.6379711669236124,72.149,72.149,100.0,0.0,0.0,791.769,891.769,1.0,-1.0,0.0,0,167,168,72.149,72.149,100.0,0.0,0.0,791.769,1.0,-1.0,0.0,72.149,72.149,100.0,0.0,0.0,791.769,0.0,113.3512619047619
99,2020-01-10 03:00:00,122.36,0.6225899624721631,22.36,22.36,100.0,0.0,0.0,891.769,991.769,1.0,-1.0,0.0,0,167,168,22.36,22.36,100.0,0.0,0.0,891.769,1.0,-1.0,0.0,22.36,22.36,100.0,0.0,0.0,891.769,0.0,113.3512619047619
100,2020-01-10 04:00:00,45.852,1.044393748476595,45.852,45.852,0.0,0.0,0.0,991.769,991.769,-0.0,0.0,0.0,0,167,168,45.852,45.852,0.0,0.0,0.0,991.769,-0.0,0.0,0.0,45.852,45.852,0.0,0.0,0.0,991.769,0.0,113.35126190476191
101,2020-01-10 05:00:00,14.458,0.9227393841111361,14.458,14.458,0.0,0.0,0.0,991.769,991.769,-0.0,0.0,0.0,0,167,168,14.458,14.458,0.0,0.0,0.0,991.769,-0.0,0.0,0.0,14.458,14.458,0.0,0.0,0.0,991.769,0.0,113.3512619047619
102,2020-01-10 06:00:00,8.231,0.6530201639355057,0.0,0.0,8.231,0.0,0.0,991.769,1000.0,1.0,-0.08231,0.0,0,167,168,0.0,0.0,8.231,0.0,0.0,991.769,1.0,-0.08231,0.0,0.0,0.0,8.231,0.0,0.0,991.769,0.0,108.231
103,2020-01-10 07:00:00,13.226,1.6678474502916039,113.226,13.226,0.0,100.0,181.8181818181818,1000.0,818.1818181818182,-0.0,1.0,0.0,0,167,168,113.226,13.226,0.0,100.0,181.8181818181818,1000.0,-0.0,1.0,0.0,113.226,13.226,0.0,100.0,181.8181818181818,1000.0,0.0,113.226
104,2020-01-10 08:00:00,18.599,0.6345494302961842,0.0,0.0,18.599,0.0,0.0,818.1818181818182,836.7808181818183,1.0,-0.18599,0.0,0,167,168,0.0,0.0,18.599,0.0,0.0,818.1818181818182,1.0,-0.18599,0.0,0.0,0.0,18.599,0.0,0.0,818.1818181818182,0.0,71.94631071428567
105,2020-01-10 09:00:00,34.946,0.6396986456093043,0.0,0.0,34.946,0.0,0.0,836.7808181818183,871.7268181818183,1.0,-0.34946,0.0,0,167,168,0.0,0.0,34.946,0.0,0.0,836.7808181818183,1.0,-0.34946,0.0,0.0,0.0,34.946,0.0,0.0,836.7808181818183,0.0,34.946
106,2020-01-10 10:00:00,92.895,0.9376887188911623,92.895,92.895,0.0,0.0,0.0,871.7268181818183,871.7268181818183,-0.0,0.0,0.0,0,167,168,92.895,92.895,0.0,0.0,0.0,871.7268181818183,-0.0,0.0,0.0,92.895,92.895,0.0,0.0,0.0,871.7268181818183,0.0,92.895
107,2020-01-10 11:00:00,78.938,0.5869773249517449,0.0,0.0,78.938,0.0,0.0,871.7268181818183,950.6648181818183,1.0,-0.78938,0.0,0,167,168,0.0,0.0,78.938,0.0,0.0,871.7268181818183,1.0,-0.78938,0.0,0.0,0.0,78.938,0.0,0.0,871.7268181818183,0.0,78.938
108,2020-01-10 12:00:00,59.051,0.9895130794619205,59.051,59.051,0.0,0.0,0.0,950.6648181818183,950.6648181818183,-0.0,0.0,0.0,0,167,168,59.051,59.051,0.0,0.0,0.0,950.6648181818183,-0.0,0.0,0.0,59.051,59.051,0.0,0.0,0.0,950.6648181818183,0.0,59.051
109,2020-01-10 13:00:00,41.168,1.1459827834928624,41.168,41.168,0.0,0.0,0.0,950.6648181818183,950.6648181818183,-0.0,0.0,0.0,0,167,168,41.168,41.168,0.0,0.0,0.0,950.6648181818183,-0.0,0.0,0.0,41.168,41.168,0.0,0.0,0.0,950.6648181818183,0.0,41.168
110,2020-01-10 14:00:00,57.515,0.7642764354428571,52.72163636363656,52.72163636363656,4.793363636363438,0.0,0.0,950.6648181818183,955.4581818181817,1.0,-0.047933636363634374,0.0,0,167,168,52.72163636363656,52.72163636363656,4.793363636363438,0.0,0.0,950.6648181818183,1.0,-0.047933636363634374,0.0,52.72163636363656,52.72163636363656,4.793363636363438,0.0,0.0,950.6648181818183,0.0,57.515
111,2020-01-10 15:00:00,114.629,1.2069760693953702,114.629,114.629,0.0,0.0,0.0,955.4581818181817,955.4581818181817,-0.0,0.0,0.0,0,167,168,114.629,114.629,0.0,0.0,0.0,955.4581818181817,-0.0,0.0,0.0,114.629,114.629,0.0,0.0,0.0,955.4581818181817,0.0,113.3512619047619
112,2020-01-10 16:00:00,37.889,0.740689707234371,0.0,0.0,37.889,0.0,0.0,955.4581818181817,993.3471818181818,1.0,-0.37889,0.0,0,167,168,0.0,0.0,37.889,0.0,0.0,955.4581818181817,1.0,-0.37889,0.0,0.0,0.0,37.889,0.0,0.0,955.4581818181817,0.0,38.591755952380964
113,2020-01-10 17:00:00,29.297,1.8408687511379702,129.297,29.297,0.0,100.0,181.8181818181818,993.3471818181818,811.529,-0.0,1.0,0.0,0,167,168,129.297,29.297,0.0,100.0,181.8181818181818,993.3471818181818,-0.0,1.0,0.0,129.297,29.297,0.0,100.0,181.8181818181818,993.3471818181818,0.0,29.297
114,2020-01-10 18:00:00,52.542,0.6374396350203226,0.0,0.0,52.542,0.0,0.0,811.529,864.071,1.0,-0.52542,0.0,0,167,168,0.0,0.0,52.542,0.0,0.0,811.529,1.0,-0.52542,0.0,0.0,0.0,52.542,0.0,0.0,811.529,0.0,52.542
115,2020-01-10 19:00:00,43.005,0.7975636208863824,43.005,43.005,0.0,0.0,0.0,864.071,864.071,-0.0,0.0,0.0,0,167,168,43.005,43.005,0.0,0.0,0.0,864.071,-0.0,0.0,0.0,43.005,43.005,0.0,0.0,0.0,864.071,0.0,43.005
116,2020-01-10 20:00:00,35.929,0.6627538419145005,0.0,0.0,35.929,0.0,0.0,864.071,900.0,1.0,-0.35929,0.0,0,167,168,0.0,0.0,35.929,0.0,0.0,864.071,1.0,-0.35929,0.0,0.0,0.0,35.929,0.0,0.0,864.071,0.0,35.929
117,2020-01-10 21:00:00,199.565,0.7493271006628307,99.565,99.565,100.0,0.0,0.0,900.0,1000.0,1.0,-1.0,0.0,0,167,168,99.565,99.565,100.0,0.0,0.0,900.0,1.0,-1.0,0.0,99.565,99.565,100.0,0.0,0.0,900.0,0.0,113.3512619047619
118,2020-01-10 22:00:00,135.982,1.5563254128326074,235.982,135.982,0.0,100.0,181.8181818181818,1000.0,818.1818181818182,-0.0,1.0,0.0,0,167,168,235.982,135.982,0.0,100.0,181.8181818181818,1000.0,-0.0,1.0,0.0,235.982,135.982,0.0,100.0,181.8181818181818,1000.0,0.0,113.3512619047619
119,2020-01-10 23:00:00,190.646,0.7584628052506247,90.64599999999996,90.64599999999996,100.0,0.0,0.0,818.1818181818182,918.1818181818182,1.0,-1.0,2.842170943040401e-14,0,167,168,90.64599999999996,90.64599999999996,100.0,0.0,0.0,818.1818181818182,1.0,-1.0,2.842170943040401e-14,90.64599999999996,90.64599999999996,100.0,0.0,0.0,818.1818181818182,2.842170943040401e-14,113.3512619047619
120,2020-01-11 00:00:00,222.599,1.9011899558358372,249.0,222.599,0.0,26.40100000000001,48.001818181818194,918.1818181818182,870.1800000000001,-0.0,0.2640100000000001,0.0,0,167,168,249.0,222.599,0.0,26.40100000000001,48.001818181818194,918.1818181818182,-0.0,0.2640100000000001,0.0,249.0,222.599,0.0,26.40100000000001,48.001818181818194,918.1818181818182,0.0,122.59899999999999
121,2020-01-11 01:00:00,222.69,0.8334088036144901,192.87000000000006,192.87000000000006,29.819999999999936,0.0,0.0,870.1800000000001,900.0,1.0,-0.29819999999999935,0.0,0,167,168,192.87000000000006,192.87000000000006,29.819999999999936,0.0,0.0,870.1800000000001,1.0,-0.29819999999999935,0.0,192.87000000000006,192.87000000000006,29.819999999999936,0.0,0.0,870.1800000000001,0.0,122.69
122,2020-01-11 02:00:00,234.733,0.7653062785054812,134.733,134.733,100.0,0.0,0.0,900.0,1000.0,1.0,-1.0,0.0,0,167,168,134.733,134.733,100.0,0.0,0.0,900.0,1.0,-1.0,0.0,134.733,134.733,100.0,0.0,0.0,900.0,0.0,134.733
123,2020-01-11 03:00:00,222.884,0.9085209056981334,222.884,222.884,0.0,0.0,0.0,1000.0,1000.0,-0.0,0.0,0.0,0,167,168,222.884,222.884,0.0,0.0,0.0,1000.0,-0.0,0.0,0.0,222.884,222.884,0.0,0.0,0.0,1000.0,0.0,122.88399999999999
124,2020-01-11 04:00:00,151.908,2.395713950359108,249.0,151.908,0.0,97.09200000000001,176.5309090909091,1000.0,823.4690909090909,-0.0,0.9709200000000001,0.0,0,167,168,249.0,151.908,0.0,97.09200000000001,176.5309090909091,1000.0,-0.0,0.9709200000000001,0.0,249.0,151.908,0.0,97.09200000000001,176.5309090909091,1000.0,0.0,113.3512619047619
125,2020-01-11 05:00:00,109.427,1.1177119303866352,100.24818181818192,100.24818181818192,9.178818181818087,0.0,0.0,823.4690909090909,832.647909090909,1.0,-0.09178818181818088,0.0,0,167,168,100.24818181818192,100.24818181818192,9.178818181818087,0.0,0.0,823.4690909090909,1.0,-0.09178818181818088,0.0,100.24818181818192,100.24818181818192,9.178818181818087,0.0,0.0,823.4690909090909,0.0,113.3512619047619
126,2020-01-11 06:00:00,109.831,0.7779966026965257,9.831000000000003,9.831000000000003,100.0,0.0,0.0,832.647909090909,932.647909090909,1.0,-1.0,0.0,0,167,168,9.831000000000003,9.831000000000003,100.0,0.0,0.0,832.647909090909,1.0,-1.0,0.0,9.831000000000003,9.831000000000003,100.0,0.0,0.0,832.647909090909,0.0,113.3512619047619
127,2020-01-11 07:00:00,104.076,2.2647577776860772,204.076,104.076,0.0,100.0,181.8181818181818,932.647909090909,750.8297272727273,-0.0,1.0,0.0,0,167,168,204.076,104.076,0.0,100.0,181.8181818181818,932.647909090909,-0.0,1.0,0.0,204.076,104.076,0.0,100.0,181.8181818181818,932.647909090909,0.0,113.3512619047619
128,2020-01-11 08:00:00,87.625,0.8323789605518659,0.0,0.0,87.625,0.0,0.0,750.8297272727273,838.4547272727273,1.0,-0.87625,0.0,0,167,168,0.0,0.0,87.625,0.0,0.0,750.8297272727273,1.0,-0.87625,0.0,0.0,0.0,87.625,0.0,0.0,750.8297272727273,0.0,113.3512619047619
129,2020-01-11 09:00:00,44.559,0.8315484419529754,0.0,0.0,44.559,0.0,0.0,838.4547272727273,883.0137272727272,1.0,-0.44559,0.0,0,167,168,0.0,0.0,44.559,0.0,0.0,838.4547272727273,1.0,-0.44559,0.0,0.0,0.0,44.559,0.0,0.0,838.4547272727273,0.0,113.3512619047619
130,2020-01-11 10:00:00,37.869,1.461413747351418,37.869,37.869,0.0,0.0,0.0,883.0137272727272,883.0137272727272,-0.0,0.0,0.0,0,167,168,37.869,37.869,0.0,0.0,0.0,883.0137272727272,-0.0,0.0,0.0,37.869,37.869,0.0,0.0,0.0,883.0137272727272,0.0,113.3512619047619
131,2020-01-11 11:00:00,15.889,1.2336191060477724,15.889,15.889,0.0,0.0,0.0,883.0137272727272,883.0137272727272,-0.0,0.0,0.0,0,167,168,15.889,15.889,0.0,0.0,0.0,883.0137272727272,-0.0,0.0,0.0,15.889,15.889,0.0,0.0,0.0,883.0137272727272,0.0,113.3512619047619
132,2020-01-11 12:00:00,1.181,5.520922217239547,101.181,1.181,0.0,100.0,181.8181818181818,883.0137272727272,701.1955454545455,-0.0,1.0,0.0,0,167,168,101.181,1.181,0.0,100.0,181.8181818181818,883.0137272727272,-0.0,1.0,0.0,101.181,1.181,0.0,100.0,181.8181818181818,883.0137272727272,0.0,60.58094047619048
133,2020-01-11 13:00:00,0.045,2.2509047274565863,100.045,0.045,0.0,100.0,181.8181818181818,701.1955454545455,519.3773636363637,-0.0,1.0,0.0,0,167,168,100.045,0.045,0.0,100.0,181.8181818181818,701.1955454545455,-0.0,1.0,0.0,100.045,0.045,0.0,100.0,181.8181818181818,701.1955454545455,0.0,0.045
134,2020-01-11 14:00:00,3.396,0.8678919358404172,0.0,0.0,3.396,0.0,0.0,519.3773636363637,522.7733636363637,1.0,-0.03396,0.0,0,167,168,0.0,0.0,3.396,0.0,0.0,519.3773636363637,1.0,-0.03396,0.0,0.0,0.0,3.396,0.0,0.0,519.3773636363637,0.0,3.396
135,2020-01-11 15:00:00,22.668,2.082375893369756,122.668,22.668,0.0,100.0,181.8181818181818,522.7733636363637,340.9551818181818,-0.0,1.0,0.0,0,167,168,122.668,22.668,0.0,100.0,181.8181818181818,522.7733636363637,-0.0,1.0,0.0,122.668,22.668,0.0,100.0,181.8181818181818,522.7733636363637,0.0,22.668
136,2020-01-11 16:00:00,40.863,0.8208513623992678,0.0,0.0,40.863,0.0,0.0,340.9551818181818,381.8181818181818,1.0,-0.40863,0.0,0,167,168,0.0,0.0,40.863,0.0,0.0,340.9551818181818,1.0,-0.40863,0.0,0.0,0.0,40.863,0.0,0.0,340.9551818181818,0.0,40.863
137,2020-01-11 17:00:00,56.233,6.010657678812644,156.233,56.233,0.0,100.0,181.8181818181818,381.8181818181818,200.0,-0.0,1.0,0.0,0,167,168,156.233,56.233,0.0,100.0,181.8181818181818,381.8181818181818,-0.0,1.0,0.0,156.233,56.233,0.0,100.0,181.8181818181818,381.8181818181818,0.0,56.233
138,2020-01-11 18:00:00,60.971,0.8131109290576096,0.0,0.0,60.971,0.0,0.0,200.0,260.971,1.0,-0.60971,0.0,0,167,168,0.0,0.0,60.971,0.0,0.0,200.0,1.0,-0.60971,0.0,0.0,0.0,60.971,0.0,0.0,200.0,0.0,60.971
139,2020-01-11 19:00:00,103.882,1.5090522941837685,137.41605,103.882,0.0,33.53405,60.971,260.971,200.0,-0.0,0.3353405,0.0,0,167,168,137.41605,103.882,0.0,33.53405,60.971,260.971,-0.0,0.3353405,0.0,137.41605,103.882,0.0,33.53405,60.971,260.971,0.0,103.882
140,2020-01-11 20:00:00,159.829,1.1799343838155005,159.829,159.829,0.0,0.0,0.0,200.0,200.0,-0.0,0.0,0.0,0,167,168,159.829,159.829,0.0,0.0,0.0,200.0,-0.0,0.0,0.0,159.829,159.829,0.0,0.0,0.0,200.0,0.0,113.3512619047619
141,2020-01-11 21:00:00,221.92,0.3626708617634387,121.91999999999999,121.91999999999999,100.0,0.0,0.0,200.0,300.0,1.0,-1.0,0.0,0,167,168,121.91999999999999,121.91999999999999,100.0,0.0,0.0,200.0,1.0,-1.0,0.0,121.91999999999999,121.91999999999999,100.0,0.0,0.0,200.0,0.0,121.91999999999999
142,2020-01-11 22:00:00,234.391,0.954099766405236,234.391,234.391,0.0,0.0,0.0,300.0,300.0,0.0,0.0,0.0,0,167,168,234.391,234.391,0.0,0.0,0.0,300.0,0.0,0.0,0.0,234.391,234.391,0.0,0.0,0.0,300.0,0.0,134.391
143,2020-01-11 23:00:00,235.002,0.35270463857675444,135.002,135.002,100.0,0.0,0.0,300.0,400.0,1.0,-1.0,0.0,0,167,168,135.002,135.002,100.0,0.0,0.0,300.0,1.0,-1.0,0.0,135.002,135.002,100.0,0.0,0.0,300.0,0.0,135.002
144,2020-01-12 00:00:00,235.099,0.9664578831567241,235.099,235.099,0.0,0.0,0.0,400.0,400.0,1.0,0.0,0.0,0,167,168,235.099,235.099,0.0,0.0,0.0,400.0,1.0,0.0,0.0,235.099,235.099,0.0,0.0,0.0,400.0,0.0,135.099
145,2020-01-12 01:00:00,235.144,0.8077623892807559,235.144,235.144,0.0,0.0,0.0,400.0,400.0,-0.0,0.0,0.0,0,167,168,235.144,235.144,0.0,0.0,0.0,400.0,-0.0,0.0,0.0,235.144,235.144,0.0,0.0,0.0,400.0,0.0,135.144
146,2020-01-12 02:00:00,235.163,0.585681715937476,182.93400000000008,182.93400000000008,52.22899999999993,0.0,0.0,400.0,452.2289999999999,1.0,-0.5222899999999993,0.0,0,167,168,182.93400000000008,182.93400000000008,52.22899999999993,0.0,0.0,400.0,1.0,-0.5222899999999993,0.0,182.93400000000008,182.93400000000008,52.22899999999993,0.0,0.0,400.0,0.0,135.163
147,2020-01-12 03:00:00,235.157,0.731487561158666,235.157,235.157,0.0,0.0,0.0,452.2289999999999,452.2289999999999,0.0,0.0,0.0,0,167,168,235.157,235.157,0.0,0.0,0.0,452.2289999999999,0.0,0.0,0.0,235.157,235.157,0.0,0.0,0.0,452.2289999999999,0.0,135.157
148,2020-01-12 04:00:00,235.159,1.036221445463514,235.159,235.159,0.0,0.0,0.0,452.2289999999999,452.2289999999999,0.0,0.0,0.0,0,167,168,235.159,235.159,0.0,0.0,0.0,452.2289999999999,0.0,0.0,0.0,235.159,235.159,0.0,0.0,0.0,452.2289999999999,0.0,135.159
149,2020-01-12 05:00:00,235.128,0.7902550572161474,235.128,235.128,0.0,0.0,0.0,452.2289999999999,452.2289999999999,0.0,0.0,0.0,0,167,168,235.128,235.128,0.0,0.0,0.0,452.2289999999999,0.0,0.0,0.0,235.128,235.128,0.0,0.0,0.0,452.2289999999999,0.0,135.128
150,2020-01-12 06:00:00,235.131,0.32600939789813604,135.13099999999997,135.13099999999997,100.0,0.0,0.0,452.2289999999999,552.2289999999999,1.0,-1.0,2.842170943040401e-14,0,167,168,135.13099999999997,135.13099999999997,100.0,0.0,0.0,452.2289999999999,1.0,-1.0,2.842170943040401e-14,135.13099999999997,135.13099999999997,100.0,0.0,0.0,452.2289999999999,2.842170943040401e-14,181.60873809523812
151,2020-01-12 07:00:00,235.138,0.9852940449795575,235.138,235.138,0.0,0.0,0.0,552.2289999999999,552.2289999999999,0.0,0.0,0.0,0,167,168,235.138,235.138,0.0,0.0,0.0,552.2289999999999,0.0,0.0,0.0,235.138,235.138,0.0,0.0,0.0,552.2289999999999,0.0,235.138
152,2020-01-12 08:00:00,235.145,0.677437410742882,235.145,235.145,0.0,0.0,0.0,552.2289999999999,552.2289999999999,0.0,0.0,0.0,0,167,168,235.145,235.145,0.0,0.0,0.0,552.2289999999999,0.0,0.0,0.0,235.145,235.145,0.0,0.0,0.0,552.2289999999999,0.0,235.145
153,2020-01-12 09:00:00,232.932,0.6921874210591745,232.932,232.932,0.0,0.0,0.0,552.2289999999999,552.2289999999999,0.0,0.0,0.0,0,167,168,232.932,232.932,0.0,0.0,0.0,552.2289999999999,0.0,0.0,0.0,232.932,232.932,0.0,0.0,0.0,552.2289999999999,0.0,232.932
154,2020-01-12 10:00:00,189.88,0.7949724028578443,189.88,189.88,0.0,0.0,0.0,552.2289999999999,552.2289999999999,0.0,0.0,0.0,0,167,168,189.88,189.88,0.0,0.0,0.0,552.2289999999999,0.0,0.0,0.0,189.88,189.88,0.0,0.0,0.0,552.2289999999999,0.0,189.88
155,2020-01-12 11:00:00,159.87,0.7739768926778964,159.87,159.87,0.0,0.0,0.0,552.2289999999999,552.2289999999999,0.0,0.0,0.0,0,167,168,159.87,159.87,0.0,0.0,0.0,552.2289999999999,0.0,0.0,0.0,159.87,159.87,0.0,0.0,0.0,552.2289999999999,0.0,159.87
156,2020-01-12 12:00:00,112.509,0.8689692371086921,112.509,112.509,0.0,0.0,0.0,552.2289999999999,552.2289999999999,-0.0,0.0,0.0,0,167,168,112.509,112.509,0.0,0.0,0.0,552.2289999999999,-0.0,0.0,0.0,112.509,112.509,0.0,0.0,0.0,552.2289999999999,0.0,113.3512619047619
157,2020-01-12 13:00:00,77.409,0.8828744913643992,77.409,77.409,0.0,0.0,0.0,552.2289999999999,552.2289999999999,-0.0,0.0,0.0,0,167,168,77.409,77.409,0.0,0.0,0.0,552.2289999999999,-0.0,0.0,0.0,77.409,77.409,0.0,0.0,0.0,552.2289999999999,0.0,113.3512619047619
158,2020-01-12 14:00:00,41.485,0.8179279369311737,41.485,41.485,0.0,0.0,0.0,552.2289999999999,552.2289999999999,-0.0,0.0,0.0,0,167,168,41.485,41.485,0.0,0.0,0.0,552.2289999999999,-0.0,0.0,0.0,41.485,41.485,0.0,0.0,0.0,552.2289999999999,0.0,113.3512619047619
159,2020-01-12 15:00:00,23.145,0.8169977561004165,23.145,23.145,0.0,0.0,0.0,552.2289999999999,552.2289999999999,-0.0,0.0,0.0,0,167,168,23.145,23.145,0.0,0.0,0.0,552.2289999999999,-0.0,0.0,0.0,23.145,23.145,0.0,0.0,0.0,552.2289999999999,0.0,113.3512619047619
160,2020-01-12 16:00:00,16.897,0.3706106195688305,0.0,0.0,16.897,0.0,0.0,552.2289999999999,569.126,1.0,-0.16896999999999998,0.0,0,167,168,0.0,0.0,16.897,0.0,0.0,552.2289999999999,1.0,-0.16896999999999998,0.0,0.0,0.0,16.897,0.0,0.0,552.2289999999999,0.0,113.35126190476188
161,2020-01-12 17:00:00,10.309,0.8504178245197644,10.309,10.309,0.0,0.0,0.0,569.126,569.126,-0.0,0.0,0.0,0,167,168,10.309,10.309,0.0,0.0,0.0,569.126,-0.0,0.0,0.0,10.309,10.309,0.0,0.0,0.0,569.126,0.0,110.309
162,2020-01-12 18:00:00,6.519,0.6562987958197404,6.519,6.519,0.0,0.0,0.0,569.126,569.126,-0.0,0.0,0.0,0,167,168,6.519,6.519,0.0,0.0,0.0,569.126,-0.0,0.0,0.0,6.519,6.519,0.0,0.0,0.0,569.126,0.0,106.519
163,2020-01-12 19:00:00,2.481,0.7355926959474667,2.481,2.481,0.0,0.0,0.0,569.126,569.126,-0.0,0.0,0.0,0,167,168,2.481,2.481,0.0,0.0,0.0,569.126,-0.0,0.0,0.0,2.481,2.481,0.0,0.0,0.0,569.126,0.0,57.16969047619057
164,2020-01-12 20:00:00,0.504,0.48246486446738296,0.0,0.0,0.504,0.0,0.0,569.126,569.63,1.0,-0.00504,0.0,0,167,168,0.0,0.0,0.504,0.0,0.0,569.126,1.0,-0.00504,0.0,0.0,0.0,0.504,0.0,0.0,569.126,0.0,0.504
165,2020-01-12 21:00:00,0.442,-0.0011627260384464895,0.0,0.0,0.442,0.0,0.0,569.63,570.072,1.0,-0.00442,0.0,0,167,168,0.0,0.0,0.442,0.0,0.0,569.63,1.0,-0.00442,0.0,0.0,0.0,0.442,0.0,0.0,569.63,0.0,0.442
166,2020-01-12 22:00:00,5.788,1.0097112917869338,5.788,5.788,0.0,0.0,0.0,570.072,570.072,-0.0,0.0,0.0,0,167,168,5.788,5.788,0.0,0.0,0.0,570.072,-0.0,0.0,0.0,5.788,5.788,0.0,0.0,0.0,570.072,0.0,5.788
167,2020-01-12 23:00:00,29.928,0.01684291718549633,0.0,0.0,29.928,0.0,0.0,570.072,600.0,1.0,-0.29928,0.0,0,167,168,0.0,0.0,29.928,0.0,0.0,570.072,1.0,-0.29928,0.0,0.0,0.0,29.928,0.0,0.0,570.072,0.0,29.928
