datetime,gurobi_release,gurobi_charge,gurobi_discharge,gurobi_storage_start,horizon_hours,net_storage_power
2020-01-06 00:00:00,1.382,0.0,0.0,1396.906,24,0.0
2020-01-06 01:00:00,0.0,1.032,0.0,1396.906,24,-1.032
2020-01-06 02:00:00,0.0,2.65,0.0,1397.938,24,-2.65
2020-01-06 03:00:00,3.639,0.0,0.0,1400.588,24,0.0
2020-01-06 04:00:00,4.48,0.0,0.0,1400.588,24,0.0
2020-01-06 05:00:00,3.651,0.0,0.0,1400.588,24,0.0
2020-01-06 06:00:00,0.0,0.885,0.0,1400.588,24,-0.885
2020-01-06 07:00:00,0.382,0.0,0.0,1401.473,24,0.0
2020-01-06 08:00:00,0.004,0.0,0.0,1401.473,24,0.0
2020-01-06 09:00:00,3.369,0.0,0.0,1401.473,24,0.0
2020-01-06 10:00:00,6.658,0.0,0.0,1401.473,24,0.0
2020-01-06 11:00:00,5.937,0.0,0.0,1401.473,24,0.0
2020-01-06 12:00:00,0.0,38.527,0.0,1401.473,24,-38.527
2020-01-06 13:00:00,91.222,0.0,0.0,1440.0,24,0.0
2020-01-06 14:00:00,176.697,0.0,0.0,1440.0,24,0.0
2020-01-06 15:00:00,215.147,0.0,0.0,1440.0,24,0.0
2020-01-06 16:00:00,214.18,0.0,0.0,1440.0,24,0.0
2020-01-06 17:00:00,196.085,0.0,0.0,1440.0,24,0.0
2020-01-06 18:00:00,159.326,0.0,0.0,1440.0,24,0.0
2020-01-06 19:00:00,112.877,0.0,0.0,1440.0,24,0.0
2020-01-06 20:00:00,138.06945,0.0,70.16844999999999,1440.0,24,70.16844999999999
2020-01-06 21:00:00,32.183,0.0,0.0,1312.4209999999998,24,0.0
2020-01-06 22:00:00,7.659,0.0,0.0,1312.4209999999998,24,0.0
2020-01-06 23:00:00,0.088,0.0,0.0,1312.4209999999998,24,0.0
2020-01-07 00:00:00,0.0,0.0,0.0,1312.4209999999998,24,0.0
2020-01-07 01:00:00,0.0,0.0,0.0,1312.4209999999998,24,0.0
2020-01-07 02:00:00,0.127,0.0,0.0,1312.4209999999998,24,0.0
2020-01-07 03:00:00,0.194,0.0,0.0,1312.4209999999998,24,0.0
2020-01-07 04:00:00,14.504,0.0,0.0,1312.4209999999998,24,0.0
2020-01-07 05:00:00,8.902,0.0,0.0,1312.4209999999998,24,0.0
2020-01-07 06:00:00,10.872,0.0,0.0,1312.4209999999998,24,0.0
2020-01-07 07:00:00,19.903,0.0,0.0,1312.4209999999998,24,0.0
2020-01-07 08:00:00,0.0,28.315,0.0,1312.4209999999998,24,-28.315
2020-01-07 09:00:00,0.0,41.553,0.0,1340.736,24,-41.553
2020-01-07 10:00:00,52.354,0.0,0.0,1382.289,24,0.0
2020-01-07 11:00:00,0.0,57.711,0.0,1382.289,24,-57.711
2020-01-07 12:00:00,75.981,0.0,0.0,1440.0,24,0.0
2020-01-07 13:00:00,93.196,0.0,0.0,1440.0,24,0.0
2020-01-07 14:00:00,129.05399999999997,0.0,39.79299999999995,1440.0,24,39.79299999999995
2020-01-07 15:00:00,98.007,0.0,0.0,1367.649090909091,24,0.0
2020-01-07 16:00:00,83.628,0.0,0.0,1367.649090909091,24,0.0
2020-01-07 17:00:00,65.013,0.0,0.0,1367.649090909091,24,0.0
2020-01-07 18:00:00,85.381,0.0,0.0,1367.649090909091,24,0.0
2020-01-07 19:00:00,144.855,0.0,0.0,1367.649090909091,24,0.0
2020-01-07 20:00:00,87.24000000000001,100.0,0.0,1367.649090909091,24,-100.0
2020-01-07 21:00:00,88.851,100.0,0.0,1467.649090909091,24,-100.0
2020-01-07 22:00:00,159.144,0.0,0.0,1567.649090909091,24,0.0
2020-01-07 23:00:00,78.136,100.0,0.0,1567.649090909091,24,-100.0
2020-01-08 00:00:00,249.0,0.0,41.626000000000005,1667.649090909091,24,41.626000000000005
2020-01-08 01:00:00,207.96,0.0,0.0,1591.9654545454546,24,0.0
2020-01-08 02:00:00,202.562,0.0,0.0,1591.9654545454546,24,0.0
2020-01-08 03:00:00,199.207,0.0,0.0,1591.9654545454546,24,0.0
2020-01-08 04:00:00,200.992,0.0,0.0,1591.9654545454546,24,0.0
2020-01-08 05:00:00,207.36,0.0,0.0,1591.9654545454546,24,0.0
2020-01-08 06:00:00,108.116,100.0,0.0,1591.9654545454546,24,-100.0
2020-01-08 07:00:00,249.0,0.0,35.168000000000006,1691.9654545454546,24,35.168000000000006
2020-01-08 08:00:00,215.027,0.0,0.0,1628.0236363636363,24,0.0
2020-01-08 09:00:00,213.139,0.0,0.0,1628.0236363636363,24,0.0
2020-01-08 10:00:00,249.0,0.0,35.653999999999996,1628.0236363636363,24,35.653999999999996
2020-01-08 11:00:00,249.0,0.0,34.07599999999999,1563.198181818182,24,34.07599999999999
2020-01-08 12:00:00,249.0,0.0,33.68299999999999,1501.2418181818182,24,33.68299999999999
2020-01-08 13:00:00,249.0,0.0,33.619,1440.0,24,33.619
2020-01-08 14:00:00,115.329,100.0,0.0,1378.8745454545456,24,-100.0
2020-01-08 15:00:00,249.0,0.0,33.68700000000001,1478.8745454545456,24,33.68700000000001
2020-01-08 16:00:00,115.311,100.0,0.0,1417.6254545454549,24,-100.0
2020-01-08 17:00:00,249.0,0.0,41.054,1517.6254545454549,24,41.054
2020-01-08 18:00:00,114.845,100.0,0.0,1442.9818181818182,24,-100.0
2020-01-08 19:00:00,215.302,0.0,0.0,1542.9818181818182,24,0.0
2020-01-08 20:00:00,215.302,0.0,0.0,1542.9818181818182,24,0.0
2020-01-08 21:00:00,215.302,0.0,0.0,1542.9818181818182,24,0.0
2020-01-08 22:00:00,215.406,0.0,0.0,1542.9818181818182,24,0.0
2020-01-08 23:00:00,215.37,0.0,0.0,1542.9818181818182,24,0.0
2020-01-09 00:00:00,215.333,0.0,0.0,1542.9818181818182,24,0.0
2020-01-09 01:00:00,215.317,0.0,0.0,1542.9818181818182,24,0.0
2020-01-09 02:00:00,144.07345454545452,71.23454545454547,0.0,1542.9818181818182,24,-71.23454545454547
2020-01-09 03:00:00,214.915,0.0,0.0,1614.2163636363637,24,0.0
2020-01-09 04:00:00,212.372,0.0,0.0,1614.2163636363637,24,0.0
2020-01-09 05:00:00,188.033,0.0,0.0,1614.2163636363637,24,0.0
2020-01-09 06:00:00,175.954,0.0,0.0,1614.2163636363637,24,0.0
2020-01-09 07:00:00,249.0,0.0,95.819,1614.2163636363637,24,95.819
2020-01-09 08:00:00,116.015,0.0,0.0,1440.0,24,0.0
2020-01-09 09:00:00,107.52,0.0,0.0,1440.0,24,0.0
2020-01-09 10:00:00,103.217,0.0,0.0,1440.0,24,0.0
2020-01-09 11:00:00,93.205,0.0,0.0,1440.0,24,0.0
2020-01-09 12:00:00,81.259,0.0,0.0,1440.0,24,0.0
2020-01-09 13:00:00,167.83860000000004,0.0,82.43260000000004,1440.0,24,82.43260000000004
2020-01-09 14:00:00,66.898,0.0,0.0,1290.1225454545454,24,0.0
2020-01-09 15:00:00,172.82299999999998,0.0,100.0,1290.1225454545454,24,100.0
2020-01-09 16:00:00,72.894,0.0,0.0,1108.3043636363636,24,0.0
2020-01-09 17:00:00,158.952,0.0,100.0,1108.3043636363636,24,100.0
2020-01-09 18:00:00,0.0,54.618,0.0,926.4861818181818,24,-54.618
2020-01-09 19:00:00,124.169,0.0,0.0,981.1041818181818,24,0.0
2020-01-09 20:00:00,184.268,0.0,0.0,981.1041818181818,24,0.0
2020-01-09 21:00:00,87.24199999999999,100.0,0.0,981.1041818181818,24,-100.0
2020-01-09 22:00:00,182.942,0.0,0.0,1081.1041818181818,24,0.0
2020-01-09 23:00:00,59.197,100.0,0.0,1081.1041818181818,24,-100.0
2020-01-10 00:00:00,124.937,0.0,0.0,1181.1041818181818,24,0.0
2020-01-10 01:00:00,38.28,100.0,0.0,1181.1041818181818,24,-100.0
2020-01-10 02:00:00,72.149,100.0,0.0,1281.1041818181818,24,-100.0
2020-01-10 03:00:00,22.36,100.0,0.0,1381.1041818181818,24,-100.0
2020-01-10 04:00:00,45.852,0.0,0.0,1481.1041818181818,24,0.0
2020-01-10 05:00:00,14.458,0.0,0.0,1481.1041818181818,24,0.0
2020-01-10 06:00:00,0.0,8.231,0.0,1481.1041818181818,24,-8.231
2020-01-10 07:00:00,113.226,0.0,100.0,1489.3351818181818,24,100.0
2020-01-10 08:00:00,0.0,18.599,0.0,1307.517,24,-18.599
2020-01-10 09:00:00,0.0,34.946,0.0,1326.116,24,-34.946
2020-01-10 10:00:00,92.895,0.0,0.0,1361.062,24,0.0
2020-01-10 11:00:00,0.0,78.938,0.0,1361.062,24,-78.938
2020-01-10 12:00:00,59.051,0.0,0.0,1440.0,24,0.0
2020-01-10 13:00:00,41.168,0.0,0.0,1440.0,24,0.0
2020-01-10 14:00:00,0.0,57.515,0.0,1440.0,24,-57.515
2020-01-10 15:00:00,114.629,0.0,0.0,1497.515,24,0.0
2020-01-10 16:00:00,0.0,37.889,0.0,1497.515,24,-37.889
2020-01-10 17:00:00,129.297,0.0,100.0,1535.404,24,100.0
2020-01-10 18:00:00,0.0,52.542,0.0,1353.5858181818182,24,-52.542
2020-01-10 19:00:00,0.0,43.005,0.0,1406.1278181818182,24,-43.005
2020-01-10 20:00:00,0.0,35.929,0.0,1449.1328181818185,24,-35.929
2020-01-10 21:00:00,99.565,100.0,0.0,1485.061818181818,24,-100.0
2020-01-10 22:00:00,184.97420000000005,0.0,48.99220000000004,1585.061818181818,24,48.99220000000004
2020-01-10 23:00:00,90.646,100.0,0.0,1495.9850909090908,24,-100.0
2020-01-11 00:00:00,249.0,0.0,26.40100000000001,1595.9850909090908,24,26.40100000000001
2020-01-11 01:00:00,122.69,100.0,0.0,1547.9832727272726,24,-100.0
2020-01-11 02:00:00,134.733,100.0,0.0,1647.9832727272726,24,-100.0
2020-01-11 03:00:00,222.884,0.0,0.0,1747.9832727272726,24,0.0
2020-01-11 04:00:00,249.0,0.0,97.092,1747.9832727272726,24,97.092
2020-01-11 05:00:00,109.427,0.0,0.0,1571.4523636363635,24,0.0
2020-01-11 06:00:00,9.831000000000005,100.0,0.0,1571.4523636363635,24,-100.0
2020-01-11 07:00:00,204.076,0.0,100.0,1671.4523636363635,24,100.0
2020-01-11 08:00:00,0.0,87.625,0.0,1489.6341818181818,24,-87.625
2020-01-11 09:00:00,0.0,44.559,0.0,1577.2591818181818,24,-44.559
2020-01-11 10:00:00,37.869,0.0,0.0,1621.8181818181818,24,0.0
2020-01-11 11:00:00,15.889,0.0,0.0,1621.8181818181818,24,0.0
2020-01-11 12:00:00,101.181,0.0,100.0,1621.8181818181818,24,100.0
2020-01-11 13:00:00,100.045,0.0,100.0,1440.0,24,100.0
2020-01-11 14:00:00,3.396,0.0,0.0,1258.1818181818182,24,0.0
2020-01-11 15:00:00,122.668,0.0,100.0,1258.1818181818182,24,100.0
2020-01-11 16:00:00,40.863,0.0,0.0,1076.3636363636365,24,0.0
2020-01-11 17:00:00,156.233,0.0,100.0,1076.3636363636365,24,100.0
2020-01-11 18:00:00,60.971,0.0,0.0,894.5454545454547,24,0.0
2020-01-11 19:00:00,203.882,0.0,100.0,894.5454545454547,24,100.0
2020-01-11 20:00:00,159.829,0.0,0.0,712.727272727273,24,0.0
2020-01-11 21:00:00,121.92,100.0,0.0,712.727272727273,24,-100.0
2020-01-11 22:00:00,234.391,0.0,0.0,812.727272727273,24,0.0
2020-01-11 23:00:00,135.002,100.0,0.0,812.727272727273,24,-100.0
2020-01-12 00:00:00,235.099,0.0,0.0,912.727272727273,24,0.0
2020-01-12 01:00:00,235.144,0.0,0.0,912.727272727273,24,0.0
2020-01-12 02:00:00,135.163,100.0,0.0,912.727272727273,24,-100.0
2020-01-12 03:00:00,135.15699999999993,100.0,0.0,1012.727272727273,24,-100.0
2020-01-12 04:00:00,235.159,0.0,0.0,1112.727272727273,24,0.0
2020-01-12 05:00:00,235.128,0.0,0.0,1112.727272727273,24,0.0
2020-01-12 06:00:00,135.131,100.0,0.0,1112.727272727273,24,-100.0
2020-01-12 07:00:00,235.138,0.0,0.0,1212.727272727273,24,0.0
2020-01-12 08:00:00,135.145,100.0,0.0,1212.727272727273,24,-100.0
2020-01-12 09:00:00,132.9319999999999,100.0,0.0,1312.727272727273,24,-100.0
2020-01-12 10:00:00,189.88,0.0,0.0,1412.727272727273,24,0.0
2020-01-12 11:00:00,132.59727272727298,27.272727272727025,0.0,1412.727272727273,24,-27.272727272727025
2020-01-12 12:00:00,112.509,0.0,0.0,1440.0,24,0.0
2020-01-12 13:00:00,77.409,0.0,0.0,1440.0,24,0.0
2020-01-12 14:00:00,41.485,0.0,0.0,1440.0,24,0.0
2020-01-12 15:00:00,23.145,0.0,0.0,1440.0,24,0.0
2020-01-12 16:00:00,0.0,16.897,0.0,1440.0,24,-16.897
2020-01-12 17:00:00,10.309,0.0,0.0,1456.897,24,0.0
2020-01-12 18:00:00,6.519,0.0,0.0,1456.897,24,0.0
2020-01-12 19:00:00,2.481,0.0,0.0,1456.897,24,0.0
2020-01-12 20:00:00,0.0,0.504,0.0,1456.897,24,-0.504
2020-01-12 21:00:00,0.0,0.442,0.0,1457.4009999999998,24,-0.442
2020-01-12 22:00:00,10.175049999999874,0.0,4.387049999999874,1457.8429999999998,24,4.387049999999874
2020-01-12 23:00:00,0.0,29.928,0.0,1449.8665454545455,24,-29.928
2020-01-06 00:00:00,1.382,0.0,0.0,2027.934636363636,48,0.0
2020-01-06 01:00:00,1.032,0.0,0.0,2027.934636363636,48,0.0
2020-01-06 02:00:00,2.65,0.0,0.0,2027.934636363636,48,0.0
2020-01-06 03:00:00,3.639,0.0,0.0,2027.934636363636,48,0.0
2020-01-06 04:00:00,4.48,0.0,0.0,2027.934636363636,48,0.0
2020-01-06 05:00:00,3.651,0.0,0.0,2027.934636363636,48,0.0
2020-01-06 06:00:00,0.885,0.0,0.0,2027.934636363636,48,0.0
2020-01-06 07:00:00,0.382,0.0,0.0,2027.934636363636,48,0.0
2020-01-06 08:00:00,0.004,0.0,0.0,2027.934636363636,48,0.0
2020-01-06 09:00:00,3.369,0.0,0.0,2027.934636363636,48,0.0
2020-01-06 10:00:00,6.658,0.0,0.0,2027.934636363636,48,0.0
2020-01-06 11:00:00,5.937,0.0,0.0,2027.934636363636,48,0.0
2020-01-06 12:00:00,38.527,0.0,0.0,2027.934636363636,48,0.0
2020-01-06 13:00:00,91.222,0.0,0.0,2027.934636363636,48,0.0
2020-01-06 14:00:00,249.0,0.0,72.303,2027.934636363636,48,72.303
2020-01-06 15:00:00,215.147,0.0,0.0,1896.474636363636,48,0.0
2020-01-06 16:00:00,249.0,0.0,34.81999999999999,1896.474636363636,48,34.81999999999999
2020-01-06 17:00:00,196.085,0.0,0.0,1833.1655454545453,48,0.0
2020-01-06 18:00:00,159.326,0.0,0.0,1833.1655454545453,48,0.0
2020-01-06 19:00:00,112.877,0.0,0.0,1833.1655454545453,48,0.0
2020-01-06 20:00:00,167.901,0.0,100.0,1833.1655454545453,48,100.0
2020-01-06 21:00:00,32.183,0.0,0.0,1651.3473636363635,48,0.0
2020-01-06 22:00:00,7.659,0.0,0.0,1651.3473636363635,48,0.0
2020-01-06 23:00:00,0.088,0.0,0.0,1651.3473636363635,48,0.0
2020-01-07 00:00:00,0.0,0.0,0.0,1651.3473636363635,48,0.0
2020-01-07 01:00:00,0.0,0.0,0.0,1651.3473636363635,48,0.0
2020-01-07 02:00:00,0.127,0.0,0.0,1651.3473636363635,48,0.0
2020-01-07 03:00:00,0.194,0.0,0.0,1651.3473636363635,48,0.0
2020-01-07 04:00:00,14.504,0.0,0.0,1651.3473636363635,48,0.0
2020-01-07 05:00:00,8.902,0.0,0.0,1651.3473636363635,48,0.0
2020-01-07 06:00:00,10.872,0.0,0.0,1651.3473636363635,48,0.0
2020-01-07 07:00:00,19.903,0.0,0.0,1651.3473636363635,48,0.0
2020-01-07 08:00:00,0.0,28.315,0.0,1651.3473636363635,48,-28.315
2020-01-07 09:00:00,0.0,41.553,0.0,1679.6623636363636,48,-41.553
2020-01-07 10:00:00,52.354,0.0,0.0,1721.2153636363637,48,0.0
2020-01-07 11:00:00,0.0,57.711,0.0,1721.2153636363637,48,-57.711
2020-01-07 12:00:00,75.981,0.0,0.0,1778.9263636363637,48,0.0
2020-01-07 13:00:00,93.196,0.0,0.0,1778.9263636363637,48,0.0
2020-01-07 14:00:00,89.261,0.0,0.0,1778.9263636363637,48,0.0
2020-01-07 15:00:00,98.007,0.0,0.0,1778.9263636363637,48,0.0
2020-01-07 16:00:00,83.628,0.0,0.0,1778.9263636363637,48,0.0
2020-01-07 17:00:00,65.013,0.0,0.0,1778.9263636363637,48,0.0
2020-01-07 18:00:00,85.381,0.0,0.0,1778.9263636363637,48,0.0
2020-01-07 19:00:00,144.855,0.0,0.0,1778.9263636363637,48,0.0
2020-01-07 20:00:00,87.24000000000001,100.0,0.0,1778.9263636363637,48,-100.0
2020-01-07 21:00:00,88.851,100.0,0.0,1878.9263636363637,48,-100.0
2020-01-07 22:00:00,159.144,0.0,0.0,1978.9263636363637,48,0.0
2020-01-07 23:00:00,78.136,100.0,0.0,1978.9263636363637,48,-100.0
2020-01-08 00:00:00,207.374,0.0,0.0,2078.926363636364,48,0.0
2020-01-08 01:00:00,107.95999999999992,100.0,0.0,2078.926363636364,48,-100.0
2020-01-08 02:00:00,102.562,100.0,0.0,2178.926363636364,48,-100.0
2020-01-08 03:00:00,199.207,0.0,0.0,2278.926363636364,48,0.0
2020-01-08 04:00:00,200.992,0.0,0.0,2278.926363636364,48,0.0
2020-01-08 05:00:00,207.36,0.0,0.0,2278.926363636364,48,0.0
2020-01-08 06:00:00,108.116,100.0,0.0,2278.926363636364,48,-100.0
2020-01-08 07:00:00,249.0,0.0,35.168000000000006,2378.926363636364,48,35.168000000000006
2020-01-08 08:00:00,215.027,0.0,0.0,2314.9845454545457,48,0.0
2020-01-08 09:00:00,213.139,0.0,0.0,2314.9845454545457,48,0.0
2020-01-08 10:00:00,213.346,0.0,0.0,2314.9845454545457,48,0.0
2020-01-08 11:00:00,214.924,0.0,0.0,2314.9845454545457,48,0.0
2020-01-08 12:00:00,249.0,0.0,33.68299999999999,2314.9845454545457,48,33.68299999999999
2020-01-08 13:00:00,249.0,0.0,33.619,2253.7427272727277,48,33.619
2020-01-08 14:00:00,115.329,100.0,0.0,2192.6172727272733,48,-100.0
2020-01-08 15:00:00,249.0,0.0,33.68700000000001,2292.6172727272733,48,33.68700000000001
2020-01-08 16:00:00,115.31099999999992,100.0,0.0,2231.368181818182,48,-100.0
2020-01-08 17:00:00,249.0,0.0,41.054,2331.368181818182,48,41.054
2020-01-08 18:00:00,114.845,100.0,0.0,2256.724545454546,48,-100.0
2020-01-08 19:00:00,215.302,0.0,0.0,2356.724545454546,48,0.0
2020-01-08 20:00:00,215.302,0.0,0.0,2356.724545454546,48,0.0
2020-01-08 21:00:00,215.302,0.0,0.0,2356.724545454546,48,0.0
2020-01-08 22:00:00,215.406,0.0,0.0,2356.724545454546,48,0.0
2020-01-08 23:00:00,215.37,0.0,0.0,2356.724545454546,48,0.0
2020-01-09 00:00:00,215.333,0.0,0.0,2356.724545454546,48,0.0
2020-01-09 01:00:00,215.317,0.0,0.0,2356.724545454546,48,0.0
2020-01-09 02:00:00,215.308,0.0,0.0,2356.724545454546,48,0.0
2020-01-09 03:00:00,214.915,0.0,0.0,2356.724545454546,48,0.0
2020-01-09 04:00:00,212.372,0.0,0.0,2356.724545454546,48,0.0
2020-01-09 05:00:00,188.033,0.0,0.0,2356.724545454546,48,0.0
2020-01-09 06:00:00,175.954,0.0,0.0,2356.724545454546,48,0.0
2020-01-09 07:00:00,249.0,0.0,95.819,2356.724545454546,48,95.819
2020-01-09 08:00:00,116.015,0.0,0.0,2182.5081818181825,48,0.0
2020-01-09 09:00:00,107.52,0.0,0.0,2182.5081818181825,48,0.0
2020-01-09 10:00:00,103.217,0.0,0.0,2182.5081818181825,48,0.0
2020-01-09 11:00:00,93.205,0.0,0.0,2182.5081818181825,48,0.0
2020-01-09 12:00:00,81.259,0.0,0.0,2182.5081818181825,48,0.0
2020-01-09 13:00:00,85.406,0.0,0.0,2182.5081818181825,48,0.0
2020-01-09 14:00:00,66.898,0.0,0.0,2182.5081818181825,48,0.0
2020-01-09 15:00:00,162.7694500000005,0.0,89.9464500000005,2182.5081818181825,48,89.9464500000005
2020-01-09 16:00:00,72.894,0.0,0.0,2018.9691818181816,48,0.0
2020-01-09 17:00:00,158.952,0.0,100.0,2018.9691818181816,48,100.0
2020-01-09 18:00:00,0.0,54.618,0.0,1837.151,48,-54.618
2020-01-09 19:00:00,124.169,0.0,0.0,1891.769,48,0.0
2020-01-09 20:00:00,184.268,0.0,0.0,1891.769,48,0.0
2020-01-09 21:00:00,87.24199999999999,100.0,0.0,1891.769,48,-100.0
2020-01-09 22:00:00,182.942,0.0,0.0,1991.769,48,0.0
2020-01-09 23:00:00,59.197,100.0,0.0,1991.769,48,-100.0
2020-01-10 00:00:00,124.937,0.0,0.0,2091.769,48,0.0
2020-01-10 01:00:00,38.28,100.0,0.0,2091.769,48,-100.0
2020-01-10 02:00:00,72.149,100.0,0.0,2191.769,48,-100.0
2020-01-10 03:00:00,22.36,100.0,0.0,2291.769,48,-100.0
2020-01-10 04:00:00,45.852,0.0,0.0,2391.769,48,0.0
2020-01-10 05:00:00,14.458,0.0,0.0,2391.769,48,0.0
2020-01-10 06:00:00,0.0,8.231,0.0,2391.769,48,-8.231
2020-01-10 07:00:00,113.226,0.0,100.0,2400.0,48,100.0
2020-01-10 08:00:00,0.0,18.599,0.0,2218.181818181818,48,-18.599
2020-01-10 09:00:00,0.0,34.946,0.0,2236.780818181818,48,-34.946
2020-01-10 10:00:00,92.895,0.0,0.0,2271.726818181818,48,0.0
2020-01-10 11:00:00,0.0,78.938,0.0,2271.726818181818,48,-78.938
2020-01-10 12:00:00,59.051,0.0,0.0,2350.664818181818,48,0.0
2020-01-10 13:00:00,41.168,0.0,0.0,2350.664818181818,48,0.0
2020-01-10 14:00:00,52.721636363636335,4.793363636363665,0.0,2350.664818181818,48,-4.793363636363665
2020-01-10 15:00:00,114.629,0.0,0.0,2355.458181818182,48,0.0
2020-01-10 16:00:00,0.0,37.889,0.0,2355.458181818182,48,-37.889
2020-01-10 17:00:00,129.297,0.0,100.0,2393.347181818182,48,100.0
2020-01-10 18:00:00,0.0,52.542,0.0,2211.529,48,-52.542
2020-01-10 19:00:00,43.005,0.0,0.0,2264.071,48,0.0
2020-01-10 20:00:00,0.0,35.929,0.0,2264.071,48,-35.929
2020-01-10 21:00:00,99.565,100.0,0.0,2300.0,48,-100.0
2020-01-10 22:00:00,235.982,0.0,100.0,2400.0,48,100.0
2020-01-10 23:00:00,90.646,100.0,0.0,2218.181818181818,48,-100.0
2020-01-11 00:00:00,249.0,0.0,26.40100000000001,2318.181818181818,48,26.40100000000001
2020-01-11 01:00:00,222.69,0.0,0.0,2270.18,48,0.0
2020-01-11 02:00:00,134.733,100.0,0.0,2270.18,48,-100.0
2020-01-11 03:00:00,222.884,0.0,0.0,2370.18,48,0.0
2020-01-11 04:00:00,249.0,0.0,97.092,2370.18,48,97.092
2020-01-11 05:00:00,109.427,0.0,0.0,2193.649090909091,48,0.0
2020-01-11 06:00:00,9.831000000000005,100.0,0.0,2193.649090909091,48,-100.0
2020-01-11 07:00:00,204.076,0.0,100.0,2293.649090909091,48,100.0
2020-01-11 08:00:00,87.625,0.0,0.0,2111.830909090909,48,0.0
2020-01-11 09:00:00,44.559,0.0,0.0,2111.830909090909,48,0.0
2020-01-11 10:00:00,37.869,0.0,0.0,2111.830909090909,48,0.0
2020-01-11 11:00:00,15.889,0.0,0.0,2111.830909090909,48,0.0
2020-01-11 12:00:00,101.181,0.0,100.0,2111.830909090909,48,100.0
2020-01-11 13:00:00,100.045,0.0,100.0,1930.012727272727,48,100.0
2020-01-11 14:00:00,3.396,0.0,0.0,1748.1945454545453,48,0.0
2020-01-11 15:00:00,122.668,0.0,100.0,1748.1945454545453,48,100.0
2020-01-11 16:00:00,40.863,0.0,0.0,1566.3763636363635,48,0.0
2020-01-11 17:00:00,156.233,0.0,100.0,1566.3763636363635,48,100.0
2020-01-11 18:00:00,60.971,0.0,0.0,1384.5581818181818,48,0.0
2020-01-11 19:00:00,203.882,0.0,100.0,1384.5581818181818,48,100.0
2020-01-11 20:00:00,159.829,0.0,0.0,1202.74,48,0.0
2020-01-11 21:00:00,121.92,100.0,0.0,1202.74,48,-100.0
2020-01-11 22:00:00,234.391,0.0,0.0,1302.74,48,0.0
2020-01-11 23:00:00,135.002,100.0,0.0,1302.74,48,-100.0
2020-01-12 00:00:00,235.099,0.0,0.0,1402.74,48,0.0
2020-01-12 01:00:00,235.144,0.0,0.0,1402.74,48,0.0
2020-01-12 02:00:00,135.163,100.0,0.0,1402.74,48,-100.0
2020-01-12 03:00:00,235.157,0.0,0.0,1502.74,48,0.0
2020-01-12 04:00:00,235.159,0.0,0.0,1502.74,48,0.0
2020-01-12 05:00:00,235.128,0.0,0.0,1502.74,48,0.0
2020-01-12 06:00:00,135.131,100.0,0.0,1502.74,48,-100.0
2020-01-12 07:00:00,235.138,0.0,0.0,1602.74,48,0.0
2020-01-12 08:00:00,235.145,0.0,0.0,1602.74,48,0.0
2020-01-12 09:00:00,232.932,0.0,0.0,1602.74,48,0.0
2020-01-12 10:00:00,189.88,0.0,0.0,1602.74,48,0.0
2020-01-12 11:00:00,159.87,0.0,0.0,1602.74,48,0.0
2020-01-12 12:00:00,112.509,0.0,0.0,1602.74,48,0.0
2020-01-12 13:00:00,77.409,0.0,0.0,1602.74,48,0.0
2020-01-12 14:00:00,41.485,0.0,0.0,1602.74,48,0.0
2020-01-12 15:00:00,23.145,0.0,0.0,1602.74,48,0.0
2020-01-12 16:00:00,0.0,16.897,0.0,1602.74,48,-16.897
2020-01-12 17:00:00,10.309,0.0,0.0,1619.637,48,0.0
2020-01-12 18:00:00,6.519,0.0,0.0,1619.637,48,0.0
2020-01-12 19:00:00,2.481,0.0,0.0,1619.637,48,0.0
2020-01-12 20:00:00,0.0,0.504,0.0,1619.637,48,-0.504
2020-01-12 21:00:00,0.0,0.442,0.0,1620.1409999999998,48,-0.442
2020-01-12 22:00:00,5.788,0.0,0.0,1620.583,48,0.0
2020-01-12 23:00:00,0.0,29.928,0.0,1620.583,48,-29.928
2020-01-06 00:00:00,1.7934500000001383,0.0,0.4114500000001385,1754.9872727272727,72,0.4114500000001385
2020-01-06 01:00:00,1.032,0.0,0.0,1754.2391818181816,72,0.0
2020-01-06 02:00:00,2.65,0.0,0.0,1754.2391818181816,72,0.0
2020-01-06 03:00:00,3.639,0.0,0.0,1754.2391818181816,72,0.0
2020-01-06 04:00:00,4.48,0.0,0.0,1754.2391818181816,72,0.0
2020-01-06 05:00:00,3.651,0.0,0.0,1754.2391818181816,72,0.0
2020-01-06 06:00:00,0.885,0.0,0.0,1754.2391818181816,72,0.0
2020-01-06 07:00:00,0.382,0.0,0.0,1754.2391818181816,72,0.0
2020-01-06 08:00:00,0.004,0.0,0.0,1754.2391818181816,72,0.0
2020-01-06 09:00:00,3.369,0.0,0.0,1754.2391818181816,72,0.0
2020-01-06 10:00:00,6.658,0.0,0.0,1754.2391818181816,72,0.0
2020-01-06 11:00:00,105.937,0.0,100.0,1754.2391818181816,72,100.0
2020-01-06 12:00:00,38.527,0.0,0.0,1572.4209999999998,72,0.0
2020-01-06 13:00:00,91.222,0.0,0.0,1572.4209999999998,72,0.0
2020-01-06 14:00:00,176.697,0.0,0.0,1572.4209999999998,72,0.0
2020-01-06 15:00:00,215.147,0.0,0.0,1572.4209999999998,72,0.0
2020-01-06 16:00:00,214.18,0.0,0.0,1572.4209999999998,72,0.0
2020-01-06 17:00:00,196.085,0.0,0.0,1572.4209999999998,72,0.0
2020-01-06 18:00:00,159.326,0.0,0.0,1572.4209999999998,72,0.0
2020-01-06 19:00:00,112.877,0.0,0.0,1572.4209999999998,72,0.0
2020-01-06 20:00:00,82.6744500000002,0.0,14.773450000000208,1572.4209999999998,72,14.773450000000208
2020-01-06 21:00:00,32.183,0.0,0.0,1545.5601818181813,72,0.0
2020-01-06 22:00:00,7.659,0.0,0.0,1545.5601818181813,72,0.0
2020-01-06 23:00:00,0.088,0.0,0.0,1545.5601818181813,72,0.0
2020-01-07 00:00:00,0.0,0.0,0.0,1545.5601818181813,72,0.0
2020-01-07 01:00:00,0.0,0.0,0.0,1545.5601818181813,72,0.0
2020-01-07 02:00:00,0.127,0.0,0.0,1545.5601818181813,72,0.0
2020-01-07 03:00:00,0.194,0.0,0.0,1545.5601818181813,72,0.0
2020-01-07 04:00:00,14.504,0.0,0.0,1545.5601818181813,72,0.0
2020-01-07 05:00:00,8.902,0.0,0.0,1545.5601818181813,72,0.0
2020-01-07 06:00:00,10.872,0.0,0.0,1545.5601818181813,72,0.0
2020-01-07 07:00:00,19.903,0.0,0.0,1545.5601818181813,72,0.0
2020-01-07 08:00:00,0.0,28.315,0.0,1545.5601818181813,72,-28.315
2020-01-07 09:00:00,0.0,41.553,0.0,1573.875181818181,72,-41.553
2020-01-07 10:00:00,52.354,0.0,0.0,1615.4281818181814,72,0.0
2020-01-07 11:00:00,0.0,57.711,0.0,1615.4281818181814,72,-57.711
2020-01-07 12:00:00,75.981,0.0,0.0,1673.1391818181814,72,0.0
2020-01-07 13:00:00,93.196,0.0,0.0,1673.1391818181814,72,0.0
2020-01-07 14:00:00,89.261,0.0,0.0,1673.1391818181814,72,0.0
2020-01-07 15:00:00,98.007,0.0,0.0,1673.1391818181814,72,0.0
2020-01-07 16:00:00,83.628,0.0,0.0,1673.1391818181814,72,0.0
2020-01-07 17:00:00,65.013,0.0,0.0,1673.1391818181814,72,0.0
2020-01-07 18:00:00,85.381,0.0,0.0,1673.1391818181814,72,0.0
2020-01-07 19:00:00,144.855,0.0,0.0,1673.1391818181814,72,0.0
2020-01-07 20:00:00,87.24000000000001,100.0,0.0,1673.1391818181814,72,-100.0
2020-01-07 21:00:00,88.851,100.0,0.0,1773.1391818181814,72,-100.0
2020-01-07 22:00:00,159.144,0.0,0.0,1873.1391818181817,72,0.0
2020-01-07 23:00:00,78.136,100.0,0.0,1873.1391818181817,72,-100.0
2020-01-08 00:00:00,207.374,0.0,0.0,1973.1391818181817,72,0.0
2020-01-08 01:00:00,107.95999999999992,100.0,0.0,1973.1391818181817,72,-100.0
2020-01-08 02:00:00,102.562,100.0,0.0,2073.1391818181814,72,-100.0
2020-01-08 03:00:00,199.207,0.0,0.0,2173.1391818181814,72,0.0
2020-01-08 04:00:00,200.992,0.0,0.0,2173.1391818181814,72,0.0
2020-01-08 05:00:00,207.36,0.0,0.0,2173.1391818181814,72,0.0
2020-01-08 06:00:00,108.116,100.0,0.0,2173.1391818181814,72,-100.0
2020-01-08 07:00:00,249.0,0.0,35.168000000000006,2273.1391818181814,72,35.168000000000006
2020-01-08 08:00:00,215.027,0.0,0.0,2209.197363636363,72,0.0
2020-01-08 09:00:00,213.139,0.0,0.0,2209.197363636363,72,0.0
2020-01-08 10:00:00,213.346,0.0,0.0,2209.197363636363,72,0.0
2020-01-08 11:00:00,214.924,0.0,0.0,2209.197363636363,72,0.0
2020-01-08 12:00:00,249.0,0.0,33.68299999999999,2209.197363636363,72,33.68299999999999
2020-01-08 13:00:00,249.0,0.0,33.619,2147.9555454545452,72,33.619
2020-01-08 14:00:00,115.329,100.0,0.0,2086.830090909091,72,-100.0
2020-01-08 15:00:00,249.0,0.0,33.68700000000001,2186.830090909091,72,33.68700000000001
2020-01-08 16:00:00,115.311,100.0,0.0,2125.5809999999997,72,-100.0
2020-01-08 17:00:00,249.0,0.0,41.054,2225.5809999999997,72,41.054
2020-01-08 18:00:00,114.845,100.0,0.0,2150.937363636363,72,-100.0
2020-01-08 19:00:00,215.302,0.0,0.0,2250.937363636363,72,0.0
2020-01-08 20:00:00,215.302,0.0,0.0,2250.937363636363,72,0.0
2020-01-08 21:00:00,215.302,0.0,0.0,2250.937363636363,72,0.0
2020-01-08 22:00:00,215.406,0.0,0.0,2250.937363636363,72,0.0
2020-01-08 23:00:00,215.37,0.0,0.0,2250.937363636363,72,0.0
2020-01-09 00:00:00,215.333,0.0,0.0,2250.937363636363,72,0.0
2020-01-09 01:00:00,215.317,0.0,0.0,2250.937363636363,72,0.0
2020-01-09 02:00:00,215.308,0.0,0.0,2250.937363636363,72,0.0
2020-01-09 03:00:00,214.915,0.0,0.0,2250.937363636363,72,0.0
2020-01-09 04:00:00,212.372,0.0,0.0,2250.937363636363,72,0.0
2020-01-09 05:00:00,188.033,0.0,0.0,2250.937363636363,72,0.0
2020-01-09 06:00:00,175.954,0.0,0.0,2250.937363636363,72,0.0
2020-01-09 07:00:00,249.0,0.0,95.819,2250.937363636363,72,95.819
2020-01-09 08:00:00,116.015,0.0,0.0,2076.721,72,0.0
2020-01-09 09:00:00,107.52,0.0,0.0,2076.721,72,0.0
2020-01-09 10:00:00,103.217,0.0,0.0,2076.721,72,0.0
2020-01-09 11:00:00,93.205,0.0,0.0,2076.721,72,0.0
2020-01-09 12:00:00,81.259,0.0,0.0,2076.721,72,0.0
2020-01-09 13:00:00,85.406,0.0,0.0,2076.721,72,0.0
2020-01-09 14:00:00,66.898,0.0,0.0,2076.721,72,0.0
2020-01-09 15:00:00,104.58650000000011,0.0,31.763500000000125,2076.721,72,31.763500000000125
2020-01-09 16:00:00,72.894,0.0,0.0,2018.9691818181816,72,0.0
2020-01-09 17:00:00,158.952,0.0,100.0,2018.9691818181816,72,100.0
2020-01-09 18:00:00,0.0,54.618,0.0,1837.151,72,-54.618
2020-01-09 19:00:00,124.169,0.0,0.0,1891.769,72,0.0
2020-01-09 20:00:00,184.268,0.0,0.0,1891.769,72,0.0
2020-01-09 21:00:00,87.24199999999999,100.0,0.0,1891.769,72,-100.0
2020-01-09 22:00:00,182.942,0.0,0.0,1991.769,72,0.0
2020-01-09 23:00:00,59.197,100.0,0.0,1991.769,72,-100.0
2020-01-10 00:00:00,124.937,0.0,0.0,2091.769,72,0.0
2020-01-10 01:00:00,38.28,100.0,0.0,2091.769,72,-100.0
2020-01-10 02:00:00,72.149,100.0,0.0,2191.769,72,-100.0
2020-01-10 03:00:00,22.36,100.0,0.0,2291.769,72,-100.0
2020-01-10 04:00:00,45.852,0.0,0.0,2391.769,72,0.0
2020-01-10 05:00:00,14.458,0.0,0.0,2391.769,72,0.0
2020-01-10 06:00:00,0.0,8.231,0.0,2391.769,72,-8.231
2020-01-10 07:00:00,113.226,0.0,100.0,2400.0,72,100.0
2020-01-10 08:00:00,0.0,18.599,0.0,2218.181818181818,72,-18.599
2020-01-10 09:00:00,0.0,34.946,0.0,2236.780818181818,72,-34.946
2020-01-10 10:00:00,92.895,0.0,0.0,2271.726818181818,72,0.0
2020-01-10 11:00:00,0.0,78.938,0.0,2271.726818181818,72,-78.938
2020-01-10 12:00:00,59.051,0.0,0.0,2350.664818181818,72,0.0
2020-01-10 13:00:00,41.168,0.0,0.0,2350.664818181818,72,0.0
2020-01-10 14:00:00,57.515,0.0,0.0,2350.664818181818,72,0.0
2020-01-10 15:00:00,114.629,0.0,0.0,2350.664818181818,72,0.0
2020-01-10 16:00:00,0.0,37.889,0.0,2350.664818181818,72,-37.889
2020-01-10 17:00:00,129.297,0.0,100.0,2388.5538181818183,72,100.0
2020-01-10 18:00:00,0.0,52.542,0.0,2206.7356363636363,72,-52.542
2020-01-10 19:00:00,43.005,0.0,0.0,2259.277636363636,72,0.0
2020-01-10 20:00:00,0.0,35.929,0.0,2259.277636363636,72,-35.929
2020-01-10 21:00:00,99.565,100.0,0.0,2295.2066363636363,72,-100.0
2020-01-10 22:00:00,235.982,0.0,100.0,2395.2066363636363,72,100.0
2020-01-10 23:00:00,112.88063636363655,77.76536363636342,0.0,2213.3884545454544,72,-77.76536363636342
2020-01-11 00:00:00,249.0,0.0,26.40100000000001,2291.1538181818178,72,26.40100000000001
2020-01-11 01:00:00,222.69,0.0,0.0,2243.1519999999996,72,0.0
2020-01-11 02:00:00,234.733,0.0,0.0,2243.1519999999996,72,0.0
2020-01-11 03:00:00,222.884,0.0,0.0,2243.1519999999996,72,0.0
2020-01-11 04:00:00,249.0,0.0,97.092,2243.1519999999996,72,97.092
2020-01-11 05:00:00,109.427,0.0,0.0,2066.6210909090905,72,0.0
2020-01-11 06:00:00,109.831,0.0,0.0,2066.6210909090905,72,0.0
2020-01-11 07:00:00,204.076,0.0,100.0,2066.6210909090905,72,100.0
2020-01-11 08:00:00,87.625,0.0,0.0,1884.8029090909088,72,0.0
2020-01-11 09:00:00,44.559,0.0,0.0,1884.8029090909088,72,0.0
2020-01-11 10:00:00,137.869,0.0,100.0,1884.8029090909088,72,100.0
2020-01-11 11:00:00,15.889,0.0,0.0,1702.984727272727,72,0.0
2020-01-11 12:00:00,101.181,0.0,100.0,1702.984727272727,72,100.0
2020-01-11 13:00:00,100.045,0.0,100.0,1521.1665454545453,72,100.0
2020-01-11 14:00:00,3.396,0.0,0.0,1339.3483636363635,72,0.0
2020-01-11 15:00:00,122.668,0.0,100.0,1339.3483636363635,72,100.0
2020-01-11 16:00:00,40.863,0.0,0.0,1157.5301818181815,72,0.0
2020-01-11 17:00:00,156.233,0.0,100.0,1157.5301818181815,72,100.0
2020-01-11 18:00:00,60.971,0.0,0.0,975.712,72,0.0
2020-01-11 19:00:00,203.882,0.0,100.0,975.712,72,100.0
2020-01-11 20:00:00,159.829,0.0,0.0,793.8938181818182,72,0.0
2020-01-11 21:00:00,121.92,100.0,0.0,793.8938181818182,72,-100.0
2020-01-11 22:00:00,234.391,0.0,0.0,893.8938181818182,72,0.0
2020-01-11 23:00:00,135.002,100.0,0.0,893.8938181818182,72,-100.0
2020-01-12 00:00:00,235.099,0.0,0.0,993.8938181818182,72,0.0
2020-01-12 01:00:00,235.144,0.0,0.0,993.8938181818182,72,0.0
2020-01-12 02:00:00,135.163,100.0,0.0,993.8938181818182,72,-100.0
2020-01-12 03:00:00,235.157,0.0,0.0,1093.8938181818182,72,0.0
2020-01-12 04:00:00,235.159,0.0,0.0,1093.8938181818182,72,0.0
2020-01-12 05:00:00,235.128,0.0,0.0,1093.8938181818182,72,0.0
2020-01-12 06:00:00,135.13099999999997,100.0,0.0,1093.8938181818182,72,-100.0
2020-01-12 07:00:00,235.138,0.0,0.0,1193.8938181818182,72,0.0
2020-01-12 08:00:00,135.14499999999998,100.0,0.0,1193.8938181818182,72,-100.0
2020-01-12 09:00:00,232.64563636363684,0.2863636363631485,0.0,1293.8938181818182,72,-0.2863636363631485
2020-01-12 10:00:00,189.88,0.0,0.0,1294.1801818181814,72,0.0
2020-01-12 11:00:00,159.87,0.0,0.0,1294.1801818181814,72,0.0
2020-01-12 12:00:00,112.509,0.0,0.0,1294.1801818181814,72,0.0
2020-01-12 13:00:00,77.409,0.0,0.0,1294.1801818181814,72,0.0
2020-01-12 14:00:00,41.485,0.0,0.0,1294.1801818181814,72,0.0
2020-01-12 15:00:00,23.145,0.0,0.0,1294.1801818181814,72,0.0
2020-01-12 16:00:00,0.0,16.897,0.0,1294.1801818181814,72,-16.897
2020-01-12 17:00:00,10.309,0.0,0.0,1311.077181818181,72,0.0
2020-01-12 18:00:00,0.0,6.519,0.0,1311.077181818181,72,-6.519
2020-01-12 19:00:00,0.0,2.481,0.0,1317.596181818181,72,-2.481
2020-01-12 20:00:00,0.0,0.504,0.0,1320.077181818181,72,-0.504
2020-01-12 21:00:00,0.0,0.442,0.0,1320.5811818181812,72,-0.442
2020-01-12 22:00:00,5.788,0.0,0.0,1321.0231818181812,72,0.0
2020-01-12 23:00:00,0.0,29.928,0.0,1321.023181818181,72,-29.928
2020-01-06 00:00:00,1.382,0.0,0.0,1162.4514545454545,168,0.0
2020-01-06 01:00:00,1.032,0.0,0.0,1162.4514545454545,168,0.0
2020-01-06 02:00:00,2.65,0.0,0.0,1162.4514545454545,168,0.0
2020-01-06 03:00:00,3.639,0.0,0.0,1162.4514545454545,168,0.0
2020-01-06 04:00:00,4.48,0.0,0.0,1162.4514545454545,168,0.0
2020-01-06 05:00:00,3.651,0.0,0.0,1162.4514545454545,168,0.0
2020-01-06 06:00:00,0.885,0.0,0.0,1162.4514545454545,168,0.0
2020-01-06 07:00:00,0.382,0.0,0.0,1162.4514545454545,168,0.0
2020-01-06 08:00:00,0.004,0.0,0.0,1162.4514545454545,168,0.0
2020-01-06 09:00:00,3.369,0.0,0.0,1162.4514545454545,168,0.0
2020-01-06 10:00:00,6.658,0.0,0.0,1162.4514545454545,168,0.0
2020-01-06 11:00:00,105.937,0.0,100.0,1162.4514545454545,168,100.0
2020-01-06 12:00:00,38.527,0.0,0.0,980.6332727272728,168,0.0
2020-01-06 13:00:00,91.222,0.0,0.0,980.6332727272728,168,0.0
2020-01-06 14:00:00,176.697,0.0,0.0,980.6332727272728,168,0.0
2020-01-06 15:00:00,215.147,0.0,0.0,980.6332727272728,168,0.0
2020-01-06 16:00:00,214.18,0.0,0.0,980.6332727272728,168,0.0
2020-01-06 17:00:00,196.085,0.0,0.0,980.6332727272728,168,0.0
2020-01-06 18:00:00,159.326,0.0,0.0,980.6332727272728,168,0.0
2020-01-06 19:00:00,112.877,0.0,0.0,980.6332727272728,168,0.0
2020-01-06 20:00:00,67.901,0.0,0.0,980.6332727272728,168,0.0
2020-01-06 21:00:00,32.183,0.0,0.0,980.6332727272728,168,0.0
2020-01-06 22:00:00,7.659,0.0,0.0,980.6332727272728,168,0.0
2020-01-06 23:00:00,0.088,0.0,0.0,980.6332727272728,168,0.0
2020-01-07 00:00:00,0.0,0.0,0.0,980.6332727272728,168,0.0
2020-01-07 01:00:00,0.0,0.0,0.0,980.6332727272728,168,0.0
2020-01-07 02:00:00,0.127,0.0,0.0,980.6332727272728,168,0.0
2020-01-07 03:00:00,0.194,0.0,0.0,980.6332727272728,168,0.0
2020-01-07 04:00:00,14.504,0.0,0.0,980.6332727272728,168,0.0
2020-01-07 05:00:00,8.902,0.0,0.0,980.6332727272728,168,0.0
2020-01-07 06:00:00,10.872,0.0,0.0,980.6332727272728,168,0.0
2020-01-07 07:00:00,19.903,0.0,0.0,980.6332727272728,168,0.0
2020-01-07 08:00:00,0.0,28.315,0.0,980.6332727272728,168,-28.315
2020-01-07 09:00:00,0.0,41.553,0.0,1008.9482727272728,168,-41.553
2020-01-07 10:00:00,52.354,0.0,0.0,1050.5012727272726,168,0.0
2020-01-07 11:00:00,0.0,57.711,0.0,1050.5012727272726,168,-57.711
2020-01-07 12:00:00,75.981,0.0,0.0,1108.2122727272726,168,0.0
2020-01-07 13:00:00,93.196,0.0,0.0,1108.2122727272726,168,0.0
2020-01-07 14:00:00,89.261,0.0,0.0,1108.2122727272726,168,0.0
2020-01-07 15:00:00,98.007,0.0,0.0,1108.2122727272726,168,0.0
2020-01-07 16:00:00,83.628,0.0,0.0,1108.2122727272726,168,0.0
2020-01-07 17:00:00,65.013,0.0,0.0,1108.2122727272726,168,0.0
2020-01-07 18:00:00,85.381,0.0,0.0,1108.2122727272726,168,0.0
2020-01-07 19:00:00,144.855,0.0,0.0,1108.2122727272726,168,0.0
2020-01-07 20:00:00,87.24000000000001,100.0,0.0,1108.2122727272726,168,-100.0
2020-01-07 21:00:00,88.851,100.0,0.0,1208.2122727272726,168,-100.0
2020-01-07 22:00:00,159.144,0.0,0.0,1308.2122727272726,168,0.0
2020-01-07 23:00:00,78.136,100.0,0.0,1308.2122727272726,168,-100.0
2020-01-08 00:00:00,207.374,0.0,0.0,1408.2122727272726,168,0.0
2020-01-08 01:00:00,107.95999999999992,100.0,0.0,1408.2122727272726,168,-100.0
2020-01-08 02:00:00,102.562,100.0,0.0,1508.2122727272726,168,-100.0
2020-01-08 03:00:00,199.207,0.0,0.0,1608.2122727272726,168,0.0
2020-01-08 04:00:00,100.99199999999996,100.0,0.0,1608.2122727272726,168,-100.0
2020-01-08 05:00:00,207.36,0.0,0.0,1708.2122727272726,168,0.0
2020-01-08 06:00:00,108.116,100.0,0.0,1708.2122727272726,168,-100.0
2020-01-08 07:00:00,249.0,0.0,35.168000000000006,1808.2122727272729,168,35.168000000000006
2020-01-08 08:00:00,215.027,0.0,0.0,1744.2704545454544,168,0.0
2020-01-08 09:00:00,213.139,0.0,0.0,1744.2704545454544,168,0.0
2020-01-08 10:00:00,213.346,0.0,0.0,1744.2704545454544,168,0.0
2020-01-08 11:00:00,214.924,0.0,0.0,1744.2704545454544,168,0.0
2020-01-08 12:00:00,249.0,0.0,33.68299999999999,1744.2704545454544,168,33.68299999999999
2020-01-08 13:00:00,249.0,0.0,33.619,1683.0286363636362,168,33.619
2020-01-08 14:00:00,115.329,100.0,0.0,1621.9031818181818,168,-100.0
2020-01-08 15:00:00,249.0,0.0,33.68700000000001,1721.9031818181818,168,33.68700000000001
2020-01-08 16:00:00,115.311,100.0,0.0,1660.6540909090909,168,-100.0
2020-01-08 17:00:00,249.0,0.0,41.054,1760.6540909090909,168,41.054
2020-01-08 18:00:00,114.845,100.0,0.0,1686.0104545454544,168,-100.0
2020-01-08 19:00:00,215.302,0.0,0.0,1786.0104545454544,168,0.0
2020-01-08 20:00:00,215.302,0.0,0.0,1786.0104545454544,168,0.0
2020-01-08 21:00:00,215.302,0.0,0.0,1786.0104545454544,168,0.0
2020-01-08 22:00:00,215.406,0.0,0.0,1786.0104545454544,168,0.0
2020-01-08 23:00:00,215.37,0.0,0.0,1786.0104545454544,168,0.0
2020-01-09 00:00:00,215.333,0.0,0.0,1786.0104545454544,168,0.0
2020-01-09 01:00:00,115.317,100.0,0.0,1786.0104545454544,168,-100.0
2020-01-09 02:00:00,115.308,100.0,0.0,1886.0104545454544,168,-100.0
2020-01-09 03:00:00,214.915,0.0,0.0,1986.0104545454544,168,0.0
2020-01-09 04:00:00,212.372,0.0,0.0,1986.0104545454544,168,0.0
2020-01-09 05:00:00,188.033,0.0,0.0,1986.0104545454544,168,0.0
2020-01-09 06:00:00,175.954,0.0,0.0,1986.0104545454544,168,0.0
2020-01-09 07:00:00,190.05370000000008,0.0,36.87270000000006,1986.0104545454544,168,36.87270000000006
2020-01-09 08:00:00,16.015,100.0,0.0,1918.9691818181816,168,-100.0
2020-01-09 09:00:00,107.52,0.0,0.0,2018.9691818181816,168,0.0
2020-01-09 10:00:00,103.217,0.0,0.0,2018.9691818181816,168,0.0
2020-01-09 11:00:00,93.205,0.0,0.0,2018.9691818181816,168,0.0
2020-01-09 12:00:00,81.259,0.0,0.0,2018.9691818181816,168,0.0
2020-01-09 13:00:00,85.406,0.0,0.0,2018.9691818181816,168,0.0
2020-01-09 14:00:00,66.898,0.0,0.0,2018.9691818181816,168,0.0
2020-01-09 15:00:00,72.823,0.0,0.0,2018.9691818181816,168,0.0
2020-01-09 16:00:00,72.894,0.0,0.0,2018.9691818181816,168,0.0
2020-01-09 17:00:00,158.952,0.0,100.0,2018.9691818181816,168,100.0
2020-01-09 18:00:00,0.0,54.618,0.0,1837.151,168,-54.618
2020-01-09 19:00:00,124.169,0.0,0.0,1891.769,168,0.0
2020-01-09 20:00:00,184.268,0.0,0.0,1891.769,168,0.0
2020-01-09 21:00:00,87.24199999999999,100.0,0.0,1891.769,168,-100.0
2020-01-09 22:00:00,182.942,0.0,0.0,1991.769,168,0.0
2020-01-09 23:00:00,59.197,100.0,0.0,1991.769,168,-100.0
2020-01-10 00:00:00,124.937,0.0,0.0,2091.769,168,0.0
2020-01-10 01:00:00,38.28,100.0,0.0,2091.769,168,-100.0
2020-01-10 02:00:00,72.149,100.0,0.0,2191.769,168,-100.0
2020-01-10 03:00:00,22.36,100.0,0.0,2291.769,168,-100.0
2020-01-10 04:00:00,45.852,0.0,0.0,2391.769,168,0.0
2020-01-10 05:00:00,14.458,0.0,0.0,2391.769,168,0.0
2020-01-10 06:00:00,0.0,8.231,0.0,2391.769,168,-8.231
2020-01-10 07:00:00,113.226,0.0,100.0,2400.0,168,100.0
2020-01-10 08:00:00,0.0,18.599,0.0,2218.181818181818,168,-18.599
2020-01-10 09:00:00,0.0,34.946,0.0,2236.780818181818,168,-34.946
2020-01-10 10:00:00,92.895,0.0,0.0,2271.726818181818,168,0.0
2020-01-10 11:00:00,0.0,78.938,0.0,2271.726818181818,168,-78.938
2020-01-10 12:00:00,59.051,0.0,0.0,2350.664818181818,168,0.0
2020-01-10 13:00:00,41.168,0.0,0.0,2350.664818181818,168,0.0
2020-01-10 14:00:00,57.515,0.0,0.0,2350.664818181818,168,0.0
2020-01-10 15:00:00,114.629,0.0,0.0,2350.664818181818,168,0.0
2020-01-10 16:00:00,0.0,37.889,0.0,2350.664818181818,168,-37.889
2020-01-10 17:00:00,129.297,0.0,100.0,2388.5538181818183,168,100.0
2020-01-10 18:00:00,0.0,52.542,0.0,2206.7356363636363,168,-52.542
2020-01-10 19:00:00,43.005,0.0,0.0,2259.277636363636,168,0.0
2020-01-10 20:00:00,0.0,35.929,0.0,2259.277636363636,168,-35.929
2020-01-10 21:00:00,99.565,100.0,0.0,2295.2066363636363,168,-100.0
2020-01-10 22:00:00,235.982,0.0,100.0,2395.2066363636363,168,100.0
2020-01-10 23:00:00,190.646,0.0,0.0,2213.3884545454544,168,0.0
2020-01-11 00:00:00,249.0,0.0,26.40100000000001,2213.3884545454544,168,26.40100000000001
2020-01-11 01:00:00,222.69,0.0,0.0,2165.386636363636,168,0.0
2020-01-11 02:00:00,234.733,0.0,0.0,2165.386636363636,168,0.0
2020-01-11 03:00:00,222.884,0.0,0.0,2165.386636363636,168,0.0
2020-01-11 04:00:00,249.0,0.0,97.092,2165.386636363636,168,97.092
2020-01-11 05:00:00,109.427,0.0,0.0,1988.855727272727,168,0.0
2020-01-11 06:00:00,109.831,0.0,0.0,1988.855727272727,168,0.0
2020-01-11 07:00:00,204.076,0.0,100.0,1988.855727272727,168,100.0
2020-01-11 08:00:00,87.625,0.0,0.0,1807.0375454545456,168,0.0
2020-01-11 09:00:00,44.559,0.0,0.0,1807.0375454545456,168,0.0
2020-01-11 10:00:00,137.869,0.0,100.0,1807.0375454545456,168,100.0
2020-01-11 11:00:00,15.889,0.0,0.0,1625.2193636363636,168,0.0
2020-01-11 12:00:00,101.181,0.0,100.0,1625.2193636363636,168,100.0
2020-01-11 13:00:00,100.045,0.0,100.0,1443.4011818181818,168,100.0
2020-01-11 14:00:00,3.396,0.0,0.0,1261.583,168,0.0
2020-01-11 15:00:00,122.668,0.0,100.0,1261.583,168,100.0
2020-01-11 16:00:00,40.863,0.0,0.0,1079.7648181818183,168,0.0
2020-01-11 17:00:00,156.233,0.0,100.0,1079.7648181818183,168,100.0
2020-01-11 18:00:00,60.971,0.0,0.0,897.9466363636366,168,0.0
2020-01-11 19:00:00,203.882,0.0,100.0,897.9466363636366,168,100.0
2020-01-11 20:00:00,159.829,0.0,0.0,716.1284545454548,168,0.0
2020-01-11 21:00:00,121.92,100.0,0.0,716.1284545454548,168,-100.0
2020-01-11 22:00:00,234.391,0.0,0.0,816.1284545454548,168,0.0
2020-01-11 23:00:00,135.002,100.0,0.0,816.1284545454548,168,-100.0
2020-01-12 00:00:00,235.099,0.0,0.0,916.1284545454548,168,0.0
2020-01-12 01:00:00,235.144,0.0,0.0,916.1284545454548,168,0.0
2020-01-12 02:00:00,135.163,100.0,0.0,916.1284545454548,168,-100.0
2020-01-12 03:00:00,135.157,100.0,0.0,1016.1284545454548,168,-100.0
2020-01-12 04:00:00,235.159,0.0,0.0,1116.1284545454548,168,0.0
2020-01-12 05:00:00,235.128,0.0,0.0,1116.1284545454548,168,0.0
2020-01-12 06:00:00,135.131,100.0,0.0,1116.1284545454548,168,-100.0
2020-01-12 07:00:00,235.138,0.0,0.0,1216.1284545454548,168,0.0
2020-01-12 08:00:00,135.145,100.0,0.0,1216.1284545454548,168,-100.0
2020-01-12 09:00:00,132.932,100.0,0.0,1316.1284545454548,168,-100.0
2020-01-12 10:00:00,189.88,0.0,0.0,1416.1284545454548,168,0.0
2020-01-12 11:00:00,159.87,0.0,0.0,1416.1284545454548,168,0.0
2020-01-12 12:00:00,112.509,0.0,0.0,1416.1284545454548,168,0.0
2020-01-12 13:00:00,77.409,0.0,0.0,1416.1284545454548,168,0.0
2020-01-12 14:00:00,41.485,0.0,0.0,1416.1284545454548,168,0.0
2020-01-12 15:00:00,23.145,0.0,0.0,1416.1284545454548,168,0.0
2020-01-12 16:00:00,0.0,16.897,0.0,1416.1284545454548,168,-16.897
2020-01-12 17:00:00,10.309,0.0,0.0,1433.0254545454547,168,0.0
2020-01-12 18:00:00,0.0,6.519,0.0,1433.0254545454547,168,-6.519
2020-01-12 19:00:00,0.0,2.481,0.0,1439.5444545454548,168,-2.481
2020-01-12 20:00:00,0.0,0.504,0.0,1442.0254545454547,168,-0.504
2020-01-12 21:00:00,0.0,0.442,0.0,1442.5294545454549,168,-0.442
2020-01-12 22:00:00,5.788,0.0,0.0,1442.971454545455,168,0.0
2020-01-12 23:00:00,0.0,29.928,0.0,1442.971454545455,168,-29.928
