hour_index,datetime,horizon_hours,execution_step_hours,actual_generation_mw,forecast_generation_mw,actual_price,forecast_price,planned_direct_mw,planned_charge_mw,planned_discharge_mw,realized_direct_mw,realized_charge_mw,realized_discharge_mw,realized_delivered_mw,realized_curtailment_mw,soc_start_mwh,soc_end_mwh,mode_charge_binary,solver_objective,solver_runtime_seconds,solver_status,used_baseload_gate
297988,2014-01-01 00:00:00,48,24,233.728,226.43102062127056,0.6338418228151279,-0.03864852963542813,75.0,100.0,0.0,75.0,100.0,0.0,75.0,58.72800000000001,600.0,700.0,1.0,4562.931494845903,0.012000799179077148,2,0.0
297989,2014-01-01 01:00:00,48,24,234.865,217.7076102317247,0.4034051595587312,-0.8861852563257073,75.0,100.0,0.0,75.0,100.0,0.0,75.0,59.86500000000001,700.0,800.0,1.0,4562.931494845903,0.012000799179077148,2,0.0
297990,2014-01-01 02:00:00,48,24,234.757,209.35644941272056,1.0920435919798503,0.7781949715225679,209.35644941272056,0.0,39.643550587279435,209.35644941272056,0.0,39.643550587279435,249.0,25.40055058727944,800.0,727.9208171140374,0.0,4562.931494845903,0.012000799179077148,2,0.0
297991,2014-01-01 03:00:00,48,24,234.974,198.29246559916373,0.3778472609288514,-0.011339276744034977,75.0,100.0,0.0,75.0,100.0,0.0,75.0,59.97399999999999,727.9208171140374,827.9208171140374,1.0,4562.931494845903,0.012000799179077148,2,0.0
297992,2014-01-01 04:00:00,48,24,234.63,185.9005598513773,0.33640843806321574,-0.027932616272609727,75.0,100.0,0.0,75.0,100.0,0.0,75.0,59.629999999999995,827.9208171140374,927.9208171140374,1.0,4562.931494845903,0.012000799179077148,2,0.0
297993,2014-01-01 05:00:00,48,24,233.969,174.46966869261814,0.9019177607087925,0.8072258947049401,174.46966869261814,0.0,74.53033130738186,174.46966869261814,0.0,74.53033130738186,249.0,59.49933130738185,927.9208171140374,792.4111238278886,0.0,4562.931494845903,0.012000799179077148,2,0.0
297994,2014-01-01 06:00:00,48,24,233.65,162.65582157270626,0.8779627964877553,0.10252843422486074,214.84991215274806,0.0,34.15008784725193,214.84991215274806,0.0,34.15008784725193,249.0,18.800087847251945,792.4111238278886,730.3200550147033,0.0,4562.931494845903,0.012000799179077148,2,0.0
297995,2014-01-01 07:00:00,48,24,234.341,152.59947769287874,0.32471295367277125,-0.8752912391396843,75.0,100.0,0.0,75.0,100.0,0.0,75.0,59.34100000000001,730.3200550147033,830.3200550147033,1.0,4562.931494845903,0.012000799179077148,2,0.0
297996,2014-01-01 08:00:00,48,24,233.96,143.08369388493162,0.321774240589893,-0.47191576355148723,75.0,100.0,0.0,75.0,100.0,0.0,75.0,58.96000000000001,830.3200550147033,930.3200550147033,1.0,4562.931494845903,0.012000799179077148,2,0.0
297997,2014-01-01 09:00:00,48,24,222.297,135.1923637472126,1.1670253015490448,0.9264248467817645,149.0,0.0,100.0,149.0,0.0,100.0,249.0,73.297,930.3200550147033,748.5018731965215,0.0,4562.931494845903,0.012000799179077148,2,0.0
297998,2014-01-01 10:00:00,48,24,198.914,129.09343634405295,0.842668555522683,1.1844794762231092,149.0,0.0,100.0,149.0,0.0,100.0,249.0,49.91399999999999,748.5018731965215,566.6836913783397,0.0,4562.931494845903,0.012000799179077148,2,0.0
297999,2014-01-01 11:00:00,48,24,201.568,124.31514853234461,1.7853127238042927,0.6550658617470259,199.3151485323446,0.0,0.0,199.3151485323446,0.0,0.0,199.3151485323446,2.252851467655404,566.6836913783397,566.6836913783397,0.0,4562.931494845903,0.012000799179077148,2,0.0
298000,2014-01-01 12:00:00,48,24,214.83,118.06951479599383,0.5889596593675339,0.9622355888341306,149.0,0.0,100.0,149.0,0.0,100.0,249.0,65.83000000000001,566.6836913783397,384.86550956015793,0.0,4562.931494845903,0.012000799179077148,2,0.0
298001,2014-01-01 13:00:00,48,24,196.933,113.10801469798258,0.22452955312010617,0.8302606558394199,149.0,0.0,100.0,149.0,0.0,100.0,249.0,47.93299999999999,384.86550956015793,203.04732774197612,0.0,4562.931494845903,0.012000799179077148,2,0.0
298002,2014-01-01 14:00:00,48,24,167.938,108.67857278755379,0.9040312594108221,0.47716982633602695,83.67857278755379,100.0,0.0,67.93799999999999,100.0,0.0,67.93799999999999,0.0,203.04732774197612,303.0473277419761,1.0,4562.931494845903,0.012000799179077148,2,0.0
298003,2014-01-01 15:00:00,48,24,115.261,106.31260979982142,0.5883362959863175,0.430862832302795,81.31260979982142,100.0,0.0,15.260999999999996,100.0,0.0,15.260999999999996,0.0,303.0473277419761,403.0473277419761,1.0,4562.931494845903,0.012000799179077148,2,0.0
298004,2014-01-01 16:00:00,48,24,102.374,106.22915660503944,1.0325272310589337,0.5962025481778601,81.22915660503944,100.0,0.0,2.3739999999999952,100.0,0.0,2.3739999999999952,0.0,403.0473277419761,503.0473277419761,1.0,4562.931494845903,0.012000799179077148,2,0.0
298005,2014-01-01 17:00:00,48,24,47.77,109.2960055492594,0.511721968037746,0.528374675507389,84.2960055492594,100.0,0.0,0.0,47.77,0.0,0.0,0.0,503.0473277419761,550.8173277419761,1.0,4562.931494845903,0.012000799179077148,2,0.0
298006,2014-01-01 18:00:00,48,24,222.201,113.53703556177759,0.4541350652015475,0.3038748063578169,88.53703556177759,100.0,0.0,88.53703556177759,100.0,0.0,88.53703556177759,33.66396443822242,550.8173277419761,650.8173277419761,1.0,4562.931494845903,0.012000799179077148,2,0.0
298007,2014-01-01 19:00:00,48,24,234.84,117.12652749006051,0.632387308258956,1.043925875744037,149.0,0.0,100.0,149.0,0.0,100.0,249.0,85.84,650.8173277419761,468.9991459237943,0.0,4562.931494845903,0.012000799179077148,2,0.0
298008,2014-01-01 20:00:00,48,24,234.968,121.32303793710292,0.6586279382111206,0.4904979291058481,96.32303793710292,100.0,0.0,96.32303793710292,100.0,0.0,96.32303793710292,38.644962062897065,468.9991459237943,568.9991459237942,1.0,4562.931494845903,0.012000799179077148,2,0.0
298009,2014-01-01 21:00:00,48,24,234.825,125.82348597061673,1.806137170825154,0.7762655134378501,200.82348597061673,0.0,0.0,200.82348597061673,0.0,0.0,200.82348597061673,34.00151402938326,568.9991459237942,568.9991459237942,0.0,4562.931494845903,0.012000799179077148,2,0.0
298010,2014-01-01 22:00:00,48,24,234.979,125.81124077220892,1.3419438063772364,0.7039256772461924,200.81124077220892,0.0,0.0,200.81124077220892,0.0,0.0,200.81124077220892,34.167759227791095,568.9991459237942,568.9991459237942,0.0,4562.931494845903,0.012000799179077148,2,0.0
298011,2014-01-01 23:00:00,48,24,234.413,127.88267508184659,1.9038111341765112,0.8153889866018241,181.54213616139015,0.0,67.45786383860987,181.54213616139015,0.0,67.45786383860987,249.0,52.870863838609864,568.9991459237942,446.348484399049,0.0,4562.931494845903,0.012000799179077148,2,0.0
298012,2014-01-02 00:00:00,48,24,215.003,225.30460722482496,1.2079298129450666,0.6338418228151279,200.30460722482496,100.0,0.0,115.00299999999999,100.0,0.0,115.00299999999999,0.0,446.348484399049,546.3484843990491,1.0,5756.557571150981,0.0016129016876220703,2,0.0
298013,2014-01-02 01:00:00,48,24,204.668,214.35403561870905,0.9221325446425304,0.4034051595587312,189.35403561870905,100.0,0.0,104.668,100.0,0.0,104.668,0.0,546.3484843990491,646.3484843990491,1.0,5756.557571150981,0.0016129016876220703,2,0.0
298014,2014-01-02 02:00:00,48,24,188.827,205.5729106408456,0.5532795267855183,1.0920435919798503,205.5729106408456,0.0,43.427089359154394,188.827,0.0,43.427089359154394,232.2540893591544,0.0,646.3484843990491,567.3901401096774,0.0,5756.557571150981,0.0016129016876220703,2,0.0
298015,2014-01-02 03:00:00,48,24,180.726,193.64564319861324,1.736893927295919,0.3778472609288514,168.64564319861324,100.0,0.0,80.726,100.0,0.0,80.726,0.0,567.3901401096774,667.3901401096774,1.0,5756.557571150981,0.0016129016876220703,2,0.0
298016,2014-01-02 04:00:00,48,24,128.481,181.2099101418395,0.36018529846104824,0.33640843806321574,156.2099101418395,100.0,0.0,28.480999999999995,100.0,0.0,28.480999999999995,0.0,667.3901401096774,767.3901401096774,1.0,5756.557571150981,0.0016129016876220703,2,0.0
298017,2014-01-02 05:00:00,48,24,100.107,167.3978297938659,0.18190337143310564,0.9019177607087925,167.3978297938659,0.0,81.6021702061341,100.107,0.0,81.6021702061341,181.7091702061341,0.0,767.3901401096774,619.0225579167063,0.0,5756.557571150981,0.0016129016876220703,2,0.0
298018,2014-01-02 06:00:00,48,24,71.27,156.48173580631857,0.42721170392709795,0.8779627964877553,227.22653051299824,0.0,21.773469487001776,71.27,0.0,21.773469487001776,93.04346948700177,0.0,619.0225579167063,579.4344315767031,0.0,5756.557571150981,0.0016129016876220703,2,0.0
298019,2014-01-02 07:00:00,48,24,45.237,145.93783007381728,1.8389516585594528,0.32471295367277125,120.93783007381728,100.0,0.0,0.0,45.237,0.0,0.0,0.0,579.4344315767031,624.6714315767031,1.0,5756.557571150981,0.0016129016876220703,2,0.0
298020,2014-01-02 08:00:00,48,24,20.499,137.54625765821663,1.5459411854171252,0.321774240589893,112.54625765821663,100.0,0.0,0.0,20.499,0.0,0.0,0.0,624.6714315767031,645.1704315767031,1.0,5756.557571150981,0.0016129016876220703,2,0.0
298021,2014-01-02 09:00:00,48,24,9.342,130.9060549448381,0.4832253563249879,1.1670253015490448,149.0,0.0,100.0,9.342,0.0,100.0,109.342,0.0,645.1704315767031,463.3522497585213,0.0,5756.557571150981,0.0016129016876220703,2,0.0
298022,2014-01-02 10:00:00,48,24,15.186,127.35880588434038,0.8171700248338714,0.842668555522683,202.35880588434037,0.0,0.0,15.186,0.0,0.0,15.186,0.0,463.3522497585213,463.3522497585213,0.0,5756.557571150981,0.0016129016876220703,2,0.0
298023,2014-01-02 11:00:00,48,24,14.691,121.21272909920988,0.7516278178945281,1.7853127238042927,149.0,0.0,100.0,14.691,0.0,100.0,114.691,0.0,463.3522497585213,281.53406794033947,0.0,5756.557571150981,0.0016129016876220703,2,0.0
298024,2014-01-02 12:00:00,48,24,6.271,117.02996565876356,0.7628186747858924,0.5889596593675339,92.02996565876356,100.0,0.0,0.0,6.271,0.0,0.0,0.0,281.53406794033947,287.8050679403395,1.0,5756.557571150981,0.0016129016876220703,2,0.0
298025,2014-01-02 13:00:00,48,24,0.134,114.41706373669902,0.5314024405018697,0.22452955312010617,89.41706373669902,100.0,0.0,0.0,0.134,0.0,0.0,0.0,287.8050679403395,287.9390679403395,1.0,5756.557571150981,0.0016129016876220703,2,0.0
298026,2014-01-02 14:00:00,48,24,0.0,109.19678895189514,0.13954434548091213,0.9040312594108221,149.0,0.0,100.0,0.0,0.0,48.36648736718676,48.36648736718676,0.0,287.9390679403395,199.99999999999994,0.0,5756.557571150981,0.0016129016876220703,2,0.0
298027,2014-01-02 15:00:00,48,24,0.0,106.94865793814796,0.8372660728854727,0.5883362959863175,81.94865793814796,100.0,0.0,0.0,0.0,0.0,0.0,0.0,199.99999999999994,199.99999999999994,1.0,5756.557571150981,0.0016129016876220703,2,0.0
298028,2014-01-02 16:00:00,48,24,0.0,107.70690756633672,0.649514959257145,1.0325272310589337,149.0,0.0,100.0,0.0,0.0,0.0,0.0,0.0,199.99999999999994,199.99999999999994,0.0,5756.557571150981,0.0016129016876220703,2,0.0
298029,2014-01-02 17:00:00,48,24,0.0,110.38667382084381,0.7162742089883876,0.511721968037746,85.38667382084381,100.0,0.0,0.0,0.0,0.0,0.0,0.0,199.99999999999994,199.99999999999994,1.0,5756.557571150981,0.0016129016876220703,2,0.0
298030,2014-01-02 18:00:00,48,24,0.095,113.78897929822983,0.5514094366418684,0.4541350652015475,88.78897929822983,100.0,0.0,0.0,0.095,0.0,0.0,0.0,199.99999999999994,200.09499999999994,1.0,5756.557571150981,0.0016129016876220703,2,0.0
298031,2014-01-02 19:00:00,48,24,5.544,116.80023713147412,0.714968114284886,0.632387308258956,91.80023713147412,100.0,0.0,0.0,5.544,0.0,0.0,0.0,200.09499999999994,205.63899999999995,1.0,5756.557571150981,0.0016129016876220703,2,0.0
298032,2014-01-02 20:00:00,48,24,21.587,120.87018179088294,-0.0460877893277491,0.6586279382111206,195.87018179088295,0.0,0.0,21.587,0.0,0.0,21.587,0.0,205.63899999999995,205.63899999999995,0.0,5756.557571150981,0.0016129016876220703,2,0.0
298033,2014-01-02 21:00:00,48,24,29.551,128.06320146032684,0.728236849113639,1.806137170825154,149.0,0.0,100.0,29.551,0.0,3.1014500000000056,32.65245,0.0,205.63899999999995,199.99999999999994,0.0,5756.557571150981,0.0016129016876220703,2,0.0
298034,2014-01-02 22:00:00,48,24,48.553,130.96027103765618,0.6621603307046813,1.3419438063772364,149.0,0.0,100.0,48.553,0.0,0.0,48.553,0.0,199.99999999999994,199.99999999999994,0.0,5756.557571150981,0.0016129016876220703,2,0.0
298035,2014-01-02 23:00:00,48,24,68.351,134.83341548872187,0.6829391100785674,1.9038111341765112,149.0,0.0,100.0,68.351,0.0,0.0,68.351,0.0,199.99999999999994,199.99999999999994,0.0,5756.557571150981,0.0016129016876220703,2,0.0
298036,2014-01-03 00:00:00,48,24,98.397,76.4294938402671,0.6352963373713001,1.2079298129450666,151.42949384026704,0.0,0.0,98.397,0.0,0.0,98.397,0.0,199.99999999999994,199.99999999999994,1.0,3398.504047756463,0.0014569759368896484,2,0.0
298037,2014-01-03 01:00:00,48,24,170.321,80.22873127168151,0.505212044961378,0.9221325446425304,75.0,80.22873127168151,0.0,75.0,80.22873127168151,0.0,75.0,15.092268728318487,199.99999999999994,280.22873127168145,1.0,3398.504047756463,0.0014569759368896484,2,0.0
298038,2014-01-03 02:00:00,48,24,195.829,81.0682075805882,0.12989705505732216,0.5532795267855183,75.0,81.0682075805882,0.0,75.0,81.0682075805882,0.0,75.0,39.760792419411814,280.22873127168145,361.29693885226965,1.0,3398.504047756463,0.0014569759368896484,2,0.0
298039,2014-01-03 03:00:00,48,24,202.666,77.69568907123069,1.1838815562452076,1.736893927295919,149.0,0.0,100.0,149.0,0.0,88.71331636874835,237.71331636874834,53.666,361.29693885226965,199.99999999999994,0.0,3398.504047756463,0.0014569759368896484,2,0.0
298040,2014-01-03 04:00:00,48,24,202.582,73.18343977055551,0.5677949883767044,0.36018529846104824,75.0,73.18343977055551,0.0,75.0,73.18343977055551,0.0,75.0,54.398560229444485,199.99999999999994,273.1834397705554,1.0,3398.504047756463,0.0014569759368896484,2,0.0
298041,2014-01-03 05:00:00,48,24,201.763,65.73011433061897,0.531966435942018,0.18190337143310564,75.0,65.73011433061897,0.0,75.0,65.73011433061897,0.0,75.0,61.03288566938103,273.1834397705554,338.9135541011744,1.0,3398.504047756463,0.0014569759368896484,2,0.0
298042,2014-01-03 06:00:00,48,24,210.979,62.04717376600945,0.574473881746882,0.42721170392709795,75.0,62.04717376600945,0.0,75.0,62.04717376600945,0.0,75.0,73.93182623399056,338.9135541011744,400.96072786718383,1.0,3398.504047756463,0.0014569759368896484,2,0.0
298043,2014-01-03 07:00:00,48,24,222.371,59.27202662941584,0.659429405415542,1.8389516585594528,134.27202662941585,0.0,100.0,134.27202662941585,0.0,100.0,234.27202662941585,88.09897337058416,400.96072786718383,219.14254604900202,0.0,3398.504047756463,0.0014569759368896484,2,0.0
298044,2014-01-03 08:00:00,48,24,222.571,56.760968318687986,0.8152405667491537,1.5459411854171252,131.760968318688,0.0,68.65747598636173,131.760968318688,0.0,10.528400326951143,142.28936864563912,90.81003168131201,219.14254604900202,199.99999999999994,0.0,3398.504047756463,0.0014569759368896484,2,0.0
298045,2014-01-03 09:00:00,48,24,189.334,55.85237218653833,0.6721044608336124,0.4832253563249879,75.0,55.85237218653833,0.0,75.0,55.85237218653833,0.0,75.0,58.48162781346167,199.99999999999994,255.85237218653828,1.0,3398.504047756463,0.0014569759368896484,2,0.0
298046,2014-01-03 10:00:00,48,24,213.469,55.220459868559246,0.7100405751762218,0.8171700248338714,130.22045986855926,0.0,25.68255621210601,130.22045986855926,0.0,25.68255621210601,155.90301608066528,83.24854013144073,255.85237218653828,209.15681543725464,0.0,3398.504047756463,0.0014569759368896484,2,0.0
298047,2014-01-03 11:00:00,48,24,233.308,55.23701312660905,1.164205324348303,0.7516278178945281,130.23701312660904,0.0,0.0,130.23701312660904,0.0,0.0,130.23701312660904,103.07098687339095,209.15681543725464,209.15681543725464,0.0,3398.504047756463,0.0014569759368896484,2,0.0
298048,2014-01-03 12:00:00,48,24,235.104,55.92359478956271,0.6766609503106005,0.7628186747858924,130.9235947895627,0.0,0.0,130.9235947895627,0.0,0.0,130.9235947895627,104.1804052104373,209.15681543725464,209.15681543725464,0.0,3398.504047756463,0.0014569759368896484,2,0.0
298049,2014-01-03 13:00:00,48,24,235.183,56.14883702360545,-0.030247965974271318,0.5314024405018697,75.0,56.14883702360545,0.0,75.0,56.14883702360545,0.0,75.0,104.03416297639454,209.15681543725464,265.3056524608601,1.0,3398.504047756463,0.0014569759368896484,2,0.0
298050,2014-01-03 14:00:00,48,24,235.187,57.469115014317325,0.5550011970764974,0.13954434548091213,75.0,57.469115014317325,0.0,75.0,57.469115014317325,0.0,75.0,102.71788498568269,265.3056524608601,322.7747674751774,1.0,3398.504047756463,0.0014569759368896484,2,0.0
298051,2014-01-03 15:00:00,48,24,235.187,60.27134271777928,0.10494425274986861,0.8372660728854727,135.27134271777928,0.0,100.0,135.27134271777928,0.0,67.5261221113476,202.79746482912688,99.91565728222074,322.7747674751774,199.99999999999994,0.0,3398.504047756463,0.0014569759368896484,2,0.0
298052,2014-01-03 16:00:00,48,24,235.186,63.1486712955622,0.744384929084202,0.649514959257145,138.1486712955622,0.0,0.0,138.1486712955622,0.0,0.0,138.1486712955622,97.03732870443781,199.99999999999994,199.99999999999994,0.0,3398.504047756463,0.0014569759368896484,2,0.0
298053,2014-01-03 17:00:00,48,24,235.165,69.52346027984845,0.318123112214196,0.7162742089883876,144.52346027984845,0.0,0.0,144.52346027984845,0.0,0.0,144.52346027984845,90.64153972015154,199.99999999999994,199.99999999999994,0.0,3398.504047756463,0.0014569759368896484,2,0.0
298054,2014-01-03 18:00:00,48,24,235.181,76.79649444656229,0.19665630478856472,0.5514094366418684,75.0,76.79649444656229,0.0,75.0,76.79649444656229,0.0,75.0,83.38450555343772,199.99999999999994,276.79649444656224,1.0,3398.504047756463,0.0014569759368896484,2,0.0
298055,2014-01-03 19:00:00,48,24,2.405,83.99964529648892,0.6804388064066549,0.714968114284886,158.99964529648892,0.0,0.0,2.405,0.0,0.0,2.405,0.0,276.79649444656224,276.79649444656224,0.0,3398.504047756463,0.0014569759368896484,2,0.0
298056,2014-01-03 20:00:00,48,24,2.405,92.70470034333839,0.5357956681409197,-0.0460877893277491,75.0,92.70470034333839,0.0,0.0,2.405,0.0,0.0,0.0,276.79649444656224,279.2014944465622,1.0,3398.504047756463,0.0014569759368896484,2,0.0
298057,2014-01-03 21:00:00,48,24,2.405,103.33018674113963,0.9789476642448418,0.728236849113639,178.33018674113964,0.0,0.0,2.405,0.0,0.0,2.405,0.0,279.2014944465622,279.2014944465622,0.0,3398.504047756463,0.0014569759368896484,2,0.0
298058,2014-01-03 22:00:00,48,24,2.405,110.44345453997326,0.8518112184471929,0.6621603307046813,185.44345453997326,0.0,0.0,2.405,0.0,0.0,2.405,0.0,279.2014944465622,279.2014944465622,0.0,3398.504047756463,0.0014569759368896484,2,0.0
298059,2014-01-03 23:00:00,48,24,2.405,116.57843841555453,0.8837511707419093,0.6829391100785674,191.57843841555453,0.0,0.0,2.405,0.0,0.0,2.405,0.0,279.2014944465622,279.2014944465622,0.0,3398.504047756463,0.0014569759368896484,2,0.0
298060,2014-01-04 00:00:00,48,24,2.405,10.850267467282393,0.6567578480674711,0.6352963373713001,85.85026746728239,0.0,0.0,2.405,0.0,0.0,2.405,0.0,279.2014944465622,279.2014944465622,0.0,3213.7506386162413,0.0013921260833740234,2,0.0
298061,2014-01-04 01:00:00,48,24,2.405,23.65642631744589,0.6296381159110265,0.505212044961378,75.0,23.65642631744589,0.0,0.0,2.405,0.0,0.0,0.0,279.2014944465622,281.6064944465622,1.0,3213.7506386162413,0.0013921260833740234,2,0.0
298062,2014-01-04 02:00:00,48,24,214.024,33.58201176695019,0.007777200279940219,0.12989705505732216,75.0,33.58201176695019,0.0,75.0,33.58201176695019,0.0,75.0,105.44198823304981,281.6064944465622,315.18850621351237,1.0,3213.7506386162413,0.0013921260833740234,2,0.0
298063,2014-01-04 03:00:00,48,24,214.043,40.9960583227944,0.8963371742483777,1.1838815562452076,115.9960583227944,0.0,100.0,115.9960583227944,0.0,63.35367841743184,179.34973674022623,98.04694167720561,315.18850621351237,199.99999999999994,0.0,3213.7506386162413,0.0013921260833740234,2,0.0
298064,2014-01-04 04:00:00,48,24,214.019,45.561766056292186,-0.14138475165402775,0.5677949883767044,75.0,45.561766056292186,0.0,75.0,45.561766056292186,0.0,75.0,93.45723394370782,199.99999999999994,245.56176605629213,1.0,3213.7506386162413,0.0013921260833740234,2,0.0
298065,2014-01-04 05:00:00,48,24,214.077,48.32065108388642,0.006352369694302316,0.531966435942018,75.0,48.32065108388642,0.0,75.0,48.32065108388642,0.0,75.0,90.75634891611358,245.56176605629213,293.8824171401785,1.0,3213.7506386162413,0.0013921260833740234,2,0.0
298066,2014-01-04 06:00:00,48,24,214.142,52.64243150443154,-0.09620574850109258,0.574473881746882,75.0,52.64243150443154,0.0,75.0,52.64243150443154,0.0,75.0,86.49956849556845,293.8824171401785,346.5248486446101,1.0,3213.7506386162413,0.0013921260833740234,2,0.0
298067,2014-01-04 07:00:00,48,24,214.174,57.194064637396636,0.8515737466829199,0.659429405415542,132.19406463739665,0.0,0.0,132.19406463739665,0.0,0.0,132.19406463739665,81.97993536260336,346.5248486446101,346.5248486446101,0.0,3213.7506386162413,0.0013921260833740234,2,0.0
298068,2014-01-04 08:00:00,48,24,213.948,60.732246593648114,0.725773079559307,0.8152405667491537,135.7322465936481,0.0,0.0,135.7322465936481,0.0,0.0,135.7322465936481,78.2157534063519,346.5248486446101,346.5248486446101,0.0,3213.7506386162413,0.0013921260833740234,2,0.0
298069,2014-01-04 09:00:00,48,24,206.141,60.522457760337105,0.7053801918023643,0.6721044608336124,135.5224577603371,0.0,0.0,135.5224577603371,0.0,0.0,135.5224577603371,70.6185422396629,346.5248486446101,346.5248486446101,0.0,3213.7506386162413,0.0013921260833740234,2,0.0
298070,2014-01-04 10:00:00,48,24,202.224,60.37027947118334,0.7113763538502572,0.7100405751762218,135.37027947118332,0.0,0.0,135.37027947118332,0.0,0.0,135.37027947118332,66.85372052881667,346.5248486446101,346.5248486446101,0.0,3213.7506386162413,0.0013921260833740234,2,0.0
298071,2014-01-04 11:00:00,48,24,196.638,62.32074247441117,1.4677536070302446,1.164205324348303,137.32074247441116,0.0,100.0,137.32074247441116,0.0,80.58866675453558,217.90940922894674,59.31725752558884,346.5248486446101,199.99999999999994,0.0,3213.7506386162413,0.0013921260833740234,2,0.0
298072,2014-01-04 12:00:00,48,24,186.793,61.52727710772108,0.48862783896219836,0.6766609503106005,136.5272771077211,0.0,0.0,136.5272771077211,0.0,0.0,136.5272771077211,50.265722892278916,199.99999999999994,199.99999999999994,0.0,3213.7506386162413,0.0013921260833740234,2,0.0
298073,2014-01-04 13:00:00,48,24,200.522,62.29009964418755,0.5466006334153406,-0.030247965974271318,75.0,62.29009964418755,0.0,75.0,62.29009964418755,0.0,75.0,63.23190035581244,199.99999999999994,262.2900996441875,1.0,3213.7506386162413,0.0013921260833740234,2,0.0
298074,2014-01-04 14:00:00,48,24,195.613,61.99899885812537,0.6303094303215674,0.5550011970764974,75.0,61.99899885812537,0.0,75.0,61.99899885812537,0.0,75.0,58.61400114187463,262.2900996441875,324.28909850231287,1.0,3213.7506386162413,0.0013921260833740234,2,0.0
298075,2014-01-04 15:00:00,48,24,183.407,65.41735057518882,0.5591272689807405,0.10494425274986861,75.0,65.41735057518882,0.0,75.0,65.41735057518882,0.0,75.0,42.98964942481119,324.28909850231287,389.7064490775017,1.0,3213.7506386162413,0.0013921260833740234,2,0.0
298076,2014-01-04 16:00:00,48,24,153.464,68.36411210555644,0.7599393296440823,0.744384929084202,143.36411210555644,0.0,0.0,143.36411210555644,0.0,0.0,143.36411210555644,10.099887894443555,389.7064490775017,389.7064490775017,0.0,3213.7506386162413,0.0013921260833740234,2,0.0
298077,2014-01-04 17:00:00,48,24,101.384,70.99968002066763,0.5550605650175656,0.318123112214196,75.0,70.99968002066763,0.0,30.384319979332375,70.99968002066763,0.0,30.384319979332375,0.0,389.7064490775017,460.7061290981693,1.0,3213.7506386162413,0.0013921260833740234,2,0.0
298078,2014-01-04 18:00:00,48,24,59.572,73.74913948256112,0.5304822374153118,0.19665630478856472,75.0,73.74913948256112,0.0,0.0,59.572,0.0,0.0,0.0,460.7061290981693,520.2781290981693,1.0,3213.7506386162413,0.0013921260833740234,2,0.0
298079,2014-01-04 19:00:00,48,24,113.259,73.76480002530774,0.5482332517947173,0.6804388064066549,148.76480002530775,0.0,0.0,113.259,0.0,0.0,113.259,0.0,520.2781290981693,520.2781290981693,0.0,3213.7506386162413,0.0013921260833740234,2,0.0
298080,2014-01-04 20:00:00,48,24,184.062,76.6589687319418,0.5577618063361707,0.5357956681409197,75.0,76.6589687319418,0.0,75.0,76.6589687319418,0.0,75.0,32.403031268058214,520.2781290981693,596.937097830111,1.0,3213.7506386162413,0.0013921260833740234,2,0.0
298081,2014-01-04 21:00:00,48,24,207.161,80.46160455933932,1.0866707933131738,0.9789476642448418,149.0,0.0,100.0,149.0,0.0,100.0,249.0,58.161,596.937097830111,415.11891601192923,0.0,3213.7506386162413,0.0013921260833740234,2,0.0
298082,2014-01-04 22:00:00,48,24,221.154,85.23022957291933,1.081030838911691,0.8518112184471929,149.0,0.0,100.0,149.0,0.0,100.0,249.0,72.154,415.11891601192923,233.30073419374742,0.0,3213.7506386162413,0.0013921260833740234,2,0.0
298083,2014-01-04 23:00:00,48,24,223.197,89.79064888555688,1.6786582176751883,0.8837511707419093,149.0,0.0,100.0,149.0,0.0,18.31540380656111,167.3154038065611,74.197,233.30073419374742,199.99999999999994,0.0,3213.7506386162413,0.0013921260833740234,2,0.0
